,store,sido,gungu,store_address
0,강일지구점,서울특별시,강동구,"서울특별시 강동구 아리수로93길 27 202(강일동,,2강일타워2층202호~203호)"
1,곤지암리조트점,경기도,광주시,경기도 광주시 도척면 도척윗로 278 
2,광교도청점,경기,수원시,"경기 수원시 영통구 이의동 지타워203호,204호"
3,광교상현점,경기도,용인시,"경기도 용인시 수지구 법조로 242 (상현동,광교파크프 101, 201호"
4,광주봉선점,광주광역시,남구,광주광역시 남구 봉선중앙로 3 
5,광주수완장덕점(P-cafe)(3),광주광역시,광산구,광주광역시 광산구 풍영로 277 (장덕동) 1층
6,광주치평본점,광주광역시,서구,"광주광역시 서구 상무자유로 173 치평동,1,2층"
7,교대본점,서울특별시,서초구,서울특별시 서초구 남부순환로 339길 63(서초동 1층)
8,군산수송스타점,전라북도,군산시,전라북도 군산시 수송로 213 (수송동) 2층
9,나주혁신점,전라남도,나주시,전라남도 나주시 상야2길 7 (빛가람동) 114(중흥S-클래스메가티움1차1층)
10,남양주묵현점,경기도,남양주시,경기도 남양주시 화도읍 먹갓로28번길 14 
11,논산점,충청남도,논산시,충청남도 논산시 중앙로 271 (취암동)
12,논산중앙점,충청남도,논산시,충청남도 논산시 번영로17번길 10-11 (취암동) 1층 101호
13,대전둔산사학연금점,대전광역시,서구,대전광역시 서구 한밭대로 809 (둔산동) 1층
14,대전둔산점,대전광역시,서구,대전광역시 서구 둔산남로105번길 18 (둔산동) 102(둔산동)
15,대전중리행운점,대전광역시,대덕구,"대전광역시 대덕구 한밭대로 1141 (중리동, 진성빌딩) "
16,봉은사역점,서울특별시,강남구,"서울특별시 강남구 영동대로 611 (삼성동, Chan&ChanT; 1층,2층"
17,부산당감점,부산광역시,부산진구,부산광역시 부산진구 동평로 98 
18,부산마린시티점(프리미엄)(2명변),부산광역시,해운대구,"부산광역시 해운대구 마린시티3로 39 (우동, 카이저빌 101호"
19,삼성라이온즈파크점,대구광역시,수성구,대구광역시 수성구 야구전설로1 (연호동) 06호 1층
20,삼송신원점,경기도,고양시,"경기도 고양시 덕양구 권율대로 907 (신원동, KN빌딩) 1층"
21,서울대글로벌공학관점,서울특별시,관악구,"서울특별시 관악구 관악로 1 서울대학교 39-218(신림동,글로벌공학교육센터)"
22,서울대캠퍼스점(cafe직영),서울,관악구,서울 관악구 신림동 산 56-1 번지 서울대공과대학 해동관지하1층
23,세종시1호점(P-cafe),세종특별자치시,누리로,"세종특별자치시 누리로 59 (한솔동, 첫마을5단지) 101,102호"
24,송도라마다호텔BBQ타운점,인천광역시,연수구,"인천광역시 연수구 능허대로267번길 29 (동춘동) 106,107호"
25,수원시청점,경기도,수원시,경기도 수원시 팔달구 효원로 307번길 39 (효원동)
26,수원호매실스타점,경기,수원시,경기 수원시 권선구 금곡동 570-2 우성매디피아 1층 101호~103호
27,순천신대점,전라남도,순천시,전라남도 순천시 해룡면 신대로 119 (1층)
28,신공항점,인천광역시,중구,"인천광역시 중구 신도시남로141번길 5-12 (운서동, 화 1층 108호, 109호"
29,신흥스타점,경기도,성남시,"경기도 성남시 수정구 산성대로 271 (신흥동) 1,2층"
30,아산탕정점,충청남도,아산시,충청남도 아산시 탕정면 탕정면로8번길 3-12 
31,암사본점,서울특별시,강동구,서울특별시 강동구 올림픽로 786 (암사동) 
32,여주스타점,경기도,여주군,경기도 여주군 여주읍 세종로 145-7 
33,역삼스타점,서울특별시,강남구,서울특별시 강남구 논현로 411 지상1층
34,오창본점,충북,청원군,"충북 청원군 오창읍 과학산업2로 383, 1층"
35,온양관광호텔점,충청남도,아산시,"충청남도 아산시 온천대로 1459 (온천동, 온양관광호 1층"
36,웅진플레이도시점,경기도,부천시,"경기도 부천시 원미구 조마루로 2 상동, 스포츠센타동1층 E102호,F106호 "
37,원주무실스타점,강원도,원주시,강원도 원주시 봉바위길 60 1층
38,익산어양점,전라북도,익산시,전라북도 익산시 무왕로19길 32 (어양동) 
39,익산어양점(프리미엄)(명변),전라북도,익산시,"전라북도 익산시 무왕로19길 32 (어양동, 학원 및 소 1층"
40,익산영등점,전라북도,익산시,"전라북도 익산시 고봉로32길 40 (영등동, 조이미용실) "
41,임실스타점,전라북도,임실군,전라북도 임실군 임실읍 호국로 1650 
42,전남해남점,전라남도,해남군,전라남도 해남군 해남읍 북부순환로 204 
43,종로본점,서울특별시,종로구,서울특별시 종로구 청계천로 81 (관철동)
44,진천점,충청북도,진천군,충청북도 진천군 진천읍 중앙동로 52-1 
45,진해용원점,경상남도,창원시,"경상남도 창원시 진해구 용원서로 38 용원동,송해빌딩105호106호"
46,첨단신용점(프리미엄직영),광주광역시,북구,광주광역시 북구 첨단연신로107번길 5 (신용동) 
47,춘천봄내행운점,강원도,춘천시,"강원도 춘천시 퇴계로 221 (석사동, GnB영어전문학원) 1층"
48,통일스타점,경기도,안양시,경기도 안양시 동안구 평촌대로427번길 60-8 (비산동) 
49,파주금촌로데오점,경기도,파주시,"경기도 파주시 금빛로 24-9 (금촌동,조인원프라자2층 202호)"
50,패밀리타운점,서울,송파구,서울 송파구 문정동 150-25호 1층
51,평택스타점,경기도,평택시,경기도 평택시 자유로 2 (평택동)
52,포천송우행운점,경기도,포천시,경기도 포천시 소흘읍 솔모루로 40 
53,풍납점,서울특별시,송파구,서울특별시 송파구 강동대로9길 14-1 (풍납동) 1층
54,합정스타점,서울특별시,마포구,"서울특별시 마포구 양화로8길 5 (서교동,소천빌딩1층)"
55,향남스타점,경기도,화성시,"경기도 화성시 향남읍 발안로 116 , 204(중앙프라자)"
56,호평역점,경기,남양주시,경기 남양주시 호평동 658-3
57,효천스타점,광주광역시,남구,광주광역시 남구 효우2로26번길 14 (행암동) 
58,가양점,서울특별시,강서구,"서울특별시 강서구 강서로 497 (가양동, 학원빌딩) 1층"
59,가평점,경기도,가평군,경기도 가평군 가평읍 보납로6번길 5 1층
60,강남대점,경기도,용인시,"경기도 용인시 기흥구 강남동로 12 (구갈동) 108, 109호"
61,강남세곡점,서울특별시,강남구,"서울특별시 강남구 헌릉로 569 (세곡동) 101(세곡동,강남리더스프라자)"
62,강화점,인천광역시,강화군,인천광역시 강화군 강화읍 강화대로 358 (전원표구화 
63,거제아주점(Cafe),경상남도,거제시,경상남도 거제시 아주1로1길 42-1 (아주동) 1층
64,거제옥포점,경상남도,거제시,경상남도 거제시 성산로1길 2 (옥포동) 1층
65,경기광주중앙점,경기도,광주시,경기도 광주시 중앙로 150 (경안동) 
66,경남산청점,경상남도,산청군,경상남도 산청군 산청읍 웅석봉로 38-1 
67,경남산청점(4),경상남도,산청군,경상남도 산청군 산청읍 웅석봉로 38-1 
68,경남진영2점(cafe),경남,김해시,경남 김해시 진영읍 여래리 700-187번지
69,경남하동점,경상남도,하동군,경상남도 하동군 하동읍 경서대로 156 
70,경남함안점,경남,함안군,경남 함안군 가야읍 말산리 487-5
71,경북영주가흥점,경상북도,영주시,경상북도 영주시 대학로 207 (가흥동) 101호
72,경북영주점,경상북도,영주시,"경상북도 영주시 선비로 206-1 (영주동, 호산나음악학 bbq올리브카페"
73,경주안강우방점,경상북도,경주시,경상북도 경주시 안강읍 구부랑4길 14-19 
74,계양구청점,인천광역시,계양구,"인천광역시 계양구 오조산로45번길 11 (계산동, 한빛 "
75,과천점,경기,과천시,경기 과천시 별양동 1-3  제일상가 2층 204호
76,광명철산푸르지오,경기도,광명시,"경기도 광명시 디지털로 24 (철산동, 철산푸르지오하 113동B125호"
77,광주송정점,광주광역시,광산구,광주광역시 광산구 광산로 5-1 (송정동) .
78,광주첨단2지구점,광주광역시,북구,"광주광역시 북구 첨단연신로 250 (신용동, 첨단휴먼시 신용동,휴먼시아상가동2층203호"
79,광주풍암점,광주광역시,서구,광주광역시 서구 풍암1로21번길 15-13 (풍암동) 1층
80,교대역점(올리브카페)(3),서울특별시,서초구,"서울특별시 서초구 서초중앙로24길 9 (서초동, 신우빌 1층 10호"
81,구미석적점,경상북도,칠곡군,경상북도 칠곡군 석적읍 동중리1길 11 
82,군산나운행운점,전라북도,군산시,"전라북도 군산시 수송로 37 (나운동, 나뚜루) "
83,금천시흥스타점,서울특별시,금천구,서울특별시 금천구 독산로40길 13 (시흥동) 
84,금촌새말행운점,경기도,파주시,경기도 파주시 정담길 30 (아동동) 106호
85,길동점,서울특별시,강동구,서울특별시 강동구 명일로 198 (길동) 
86,김포구래점,경기,김포시,경기 김포시 구래동 6883-11 애플상가 105호 
87,김해삼계점,경상남도,김해시,경상남도 김해시 해반천로168번길 26-18 (삼계동) 
88,김해아이스퀘어점,경상남도,김해시,경상남도 김해시 김해대로 2342 (부원동) A116호(부원역푸르지오아이스퀘어몰)
89,김해외동점,경남,김해시,경남 김해시 외동 1187-13 
90,낙성대점,서울,관악구,서울 관악구 봉천11동 1640-8
91,남원점,전북,남원시,전북 남원시 향교동 1049-4
92,노량진점,서울특별시,동작구,"서울특별시 동작구 노량진로8길 53 (노량진동, 토끼바 "
93,논현중앙점,서울특별시,강남구,"서울특별시 강남구 언주로136길 10 (논현동,1층)"
94,다사강정보점,대구,달성군,대구 달성군 다사읍 죽곡리 809-2
95,당산행운점,서울특별시,영등포구,"서울특별시 영등포구 양산로 128 (당산동1가, 환희빌 "
96,대구대봉점(치킨앤비어),대구광역시,중구,"대구광역시 중구 대봉로 223 (대봉동, 태양약국) 1층"
97,대구무태점,대구,북구,대구 북구 동변동 669-1 
98,대구성당본리점,대구광역시,달서구,대구광역시 달서구 장기로 176 (감삼동)
99,대구신당1점,대구광역시,달서구,대구광역시 달서구 서당로 79 (신당동) 1층
100,대구아양점,대구광역시,동구,대구광역시 동구 아양로50길 21 (효목동) 
101,대림점,서울,영등포구,서울 영등포구 대림동 739-1
102,대명본점(Cafe),대구,남구,대구 남구 대명동 2138-10
103,대전가장점,대전광역시,서구,"대전광역시 서구 도산로253번길 51 (내동) 내동,블루존상가106,107호"
104,대전내동점,대전광역시,서구,대전광역시 서구 신갈마로 51 
105,대전노은점,대전,유성구,대전 유성구 지족동 898-1 125호
106,대전도룡점,대전광역시,유성구,"대전광역시 유성구 대덕대로590번길 12-13 (도룡동) 103(도룡동,가온하이츠빌)"
107,대전성남점,대전,동구,대전 동구 성남동 200-195
108,대전월평점(cafe),대전,서구,대전 서구 월평동 227번지 1층
109,대전유성상대점,대전광역시,유성구,대전광역시 유성구 월드컵대로308번길 13-1 (상대동) 101(상대동)
110,대청점,서울,강남구,서울 강남구 일원동 687-2
111,덕명수통골점,대전광역시,유성구,"대전광역시 유성구 수통골로 91-1 (덕명동, 1층) "
112,동암역점,인천광역시,부평구,인천광역시 부평구 동암남로 1 (십정동) 2층
113,동탄시범단지점,경기도,화성시,"경기도 화성시 동탄반송3길 46-2 (반송동) 101,102호"
114,동해북삼점,강원도,동해시,강원도 동해시 효자남길 29-8 (쇄운동)
115,등촌역점,서울특별시,양천구,서울특별시 양천구 목동중앙북로7가길 58 (목동) 1층
116,마산양덕점,경상남도,창원시,"경상남도 창원시 마산회원구 산호천동길 94 (양덕동,  "
117,마전우선점,인천광역시,서구,인천광역시 서구 완정로 46 (마전동) 1동 5호 6호
118,마포공덕점,서울특별시,마포구,"서울특별시 마포구 마포대로 156 (공덕동, 공덕푸르지 "
119,메트로자이점,부산광역시,남구,부산광역시 남구 신선로 566 GS하이츠자이 401-154
120,메트로자이점,부산광역시,남구,"부산광역시 남구 신선로 566 (용호동, GS하이츠자이 4 "
121,모전대박점,경북,문경시,경북 문경시 모전동 873-6
122,목포하당2호점(cafe),전남,목포시,전남 목포시 옥암동 965번지 금호아파트상가
123,무주설천점,전라북도,무주군,전라북도 무주군 설천면 삼도봉로 14 
124,민락스타점,경기도,의정부시,경기도 의정부시 오목로225번길 89-66 (민락동) 108호
125,방배본점,서울,서초구,서울 서초구 방배1동 925-24
126,방화역점,서울특별시,강서구,"서울특별시 강서구 금낭화로 287-50 (방화동,오피앙2오피스텔111호~112호)"
127,배곧랜드마크점,경기,시흥시,경기 시흥시 정왕동 1772-23 센타프라자2 102호 
128,별내점,경기도,남양주시,경기도 남양주시 별내5로5번길 51 (별내동) 1층
129,병점2점,경기도,화성시,경기도 화성시 병점중앙로 195 (진안동) 
130,보라매공원점,서울특별시,관악구,서울특별시 관악구 보라매로3길 3 (봉천동) 
131,봉무이시아점,대구광역시,동구,대구광역시 동구 팔공로 250 (봉무동) 이시아스타
132,부개일신점,인천광역시,부평구,인천광역시 부평구  동수로 169-1 
133,부개주공점,인천광역시,부평구,인천광역시 부평구  길주남로 157 201
134,부곡행복점,부산,금정구,부산 금정구 부곡동 888-33 
135,부산대연혁신점,부산광역시,남구,"부산광역시 남구 수영로 345 (대연동, 대연힐스테이트 115동 107호"
136,부산모덕점,부산광역시,사상구,"부산광역시 사상구 백양대로 730 (덕포동, 프로새차만 "
137,부산민락점,부산광역시,수영구,"부산광역시 수영구 광안해변로344번길 9-11 (민락동,  1층"
138,부산반여점,부산광역시,해운대구,"부산광역시 해운대구 반여로 112-1 (반여동, 산봉빌딩 102호"
139,부산송도점,부산광역시,서구,부산광역시 서구 송도해변로 67 
140,부산영주중앙점,부산광역시,중구,부산광역시 중구 중구로 188 (영주동) 
141,부산좌동신시가지점,부산광역시,해운대구,부산광역시 해운대구 대천로 104 (좌동) 102호
142,부산해운대센텀점,부산광역시,해운대구,"부산광역시 해운대구 센텀동로 123 (재송동, 센텀스타 "
143,부산해운대점,부산,해운대구,부산 해운대구 우동 1340 2층
144,부천괴안역곡점,경기,부천시,"경기 부천시 소사구 범안로 54, 그린홈프라자 204호"
145,부천미리내점,경기도,부천시,"경기도 부천시 원미구 조마루로291번길 25 (중동, 센 117호"
146,부천소사본점,경기도,부천시,경기도 부천시 소사구 소사로  211-2
147,부천송내점,경기도,부천시,경기도 부천시 소사구 성주로 112 송내동
148,부천시민회관점,경기,부천시,경기 부천시 원미구 중동 792-2번지 1층
149,부천여월점,경기도,부천시,"경기도 부천시 오정구 성곡로 16번길 7, 다동 1층 1호"
150,삼척점,강원도,삼척시,강원도 삼척시 중앙로 249 (남양동) 
151,삼천포점,경상남도,사천시,경상남도 사천시 벌리9길 7 (벌리동)
152,상봉점,서울특별시,중랑구,서울특별시 중랑구 면목로 442-1 (면목동) 
153,생연점,경기도,동두천시,경기도 동두천시 생골로 24 (생연동) 104호
154,서재세천점,대구광역시,달성군,대구광역시 달성군 다사읍 세천북로 28-1 1층 101호
155,선운지구점,광주,광산구,"광주 광산구 선운로20번길 60 (선암동, 1층)"
156,성남단대점,경기도,성남시,경기도 성남시 중원구 광명로 299 (금광동) 
157,성내점,서울특별시,강동구,"서울특별시 강동구 풍성로 141 (성내동) 성내동, 1층"
158,성복점,경기도,용인시,"경기도 용인시 수지구 성복2로76번길 25-30 (성복동,  지하1층"
159,성수3점,서울특별시,성동구,"서울특별시 성동구 성덕정길 59 (성수동1가,1층) "
160,세종도담점,세종특별자치시,보듬3로,"세종특별자치시 보듬3로 8-20 (도담동, 세종한신휴시 1층 128,129호"
161,세종어진점,세종특별자치시,도움8로,"세종특별자치시 도움8로 81(어진동, 세종일번가) 1동 A-203호"
162,송도센트럴파크점,인천광역시,연수구,"인천광역시 연수구 컨벤시아대로42번길 61 (송도동,  817-104"
163,수원곡반정점,경기,수원시,경기 수원시 권선구 곡반정동 584-5
164,수원영통1점,경기도,수원시,경기도 수원시 영통구 영통로 523 (영통동)
165,시화베니키아호텔점,경기도,시흥시,"경기도 시흥시 평안상가4길 21 (정왕동, 시흥관광호텔 A동 1,2층"
166,시흥능곡점,경기,시흥시,경기 시흥시 능곡동 747 광장프라자 103호
167,시흥은행점,경기,시흥시,"경기 시흥시 은행로 152, 104"
168,신길사러가점,서울특별시,영등포구,"서울특별시 영등포구 신길로39길 4,(신길동, 지상1층) 1층"
169,신림5점,서울특별시,관악구,서울특별시 관악구 관천로11길 152 (신림동) 
170,신림신원점(cafe),서울,관악구,서울 관악구 신림동 1636-35 영신상가
171,신림중앙점,서울특별시,관악구,"서울특별시 관악구 호암로24길 68 (신림동, 지하1층) "
172,신방화점,서울,강서구,서울 강서구 방화동 187-45 1층
173,신사점,서울,강남구,서울 강남구 신사동  561-22
174,신천대구공고,대구광역시,동구,대구광역시 동구 송라로 82 (신천동) 
175,아산청솔점,충남,아산시,충남 아산시 장존동 305-7 청솔아파트상가 203-1호
176,안산선부점,경기도,안산시,경기도 안산시 단원구 선부로 165 (선부동) 1층 101호
177,안성공도점,경기도,안성시,경기도 안성시 공도읍 공도3로 16 101
178,안중점,경기도,평택시,경기도 평택시 안중읍 안현로서9길 161 102(정동빌딩)
179,암사스타점,서울,강동구,서울 강동구 암사동 암사동 447-7 
180,양수리점,경기도,양평군,경기도 양평군 양서면 양수로 153 
181,여수죽림점,전라남도,여수시,전라남도 여수시 소라면 죽림리 1226-6번지 
182,여주현암점,경기도,여주시,"경기도 여주시 현암2길 10 (현암동) 1,2층"
183,영등포본점,서울특별시,영등포구,서울특별시 영등포구 영중로 65 (영등포동6가) 
184,영등포점,서울,영등포구,서울 영등포구 영등포동8가 75-6
185,영등포중앙점,서울,영등포구,서울 영등포구 영등포동3가 7-25 델리타운 101
186,영월점,강원도,영월군,강원도 영월군 영월읍 하송로 72 
187,영천시청점(cafe),경북,영천시,경북 영천시 문외동 40-1번지
188,영화행복점,경기도,수원시,"경기도 수원시 장안구 장안로7번길 18 (영화동) 영화동, 102호, 103호"
189,오천중앙점,경북,포항시,경북 포항시 남구 오천읍 용덕리 350-1
190,옥곡백천점,경상북도,경산시,경상북도 경산시 경산로15길 1-14 (옥곡동)
191,온양권곡점,충남,아산시,충남 아산시 권곡동 205-1 청솔아파트상가 106
192,용두점,서울특별시,동대문구,"서울특별시 동대문구 정릉천동로 58 (용두동, 롯데캐 (용두동,롯데캐슬피렌체 107호)"
193,용인동백점,경기도,용인시,경기도 용인시 기흥구 동백3로11번길 18 103호
194,용인동백호수점,경기,용인시,경기 용인시 기흥구 동백동 619-3
195,용인마북점,경기도,용인시,"경기도 용인시 기흥구 마북로 159 (마북동, 한성프라 111호"
196,용인보라점,경기도,용인시,"경기도 용인시 기흥구 한보라2로 5-5 (보라동) (보라동,B01호)"
197,울산남외점,울산광역시,중구,울산광역시 중구 남외1길 25 (남외동) 
198,울산대공원점,울산광역시,남구,울산광역시 남구 문수로344번길 1 (옥동) 1층
199,울산명촌점,울산광역시,북구,"울산광역시 북구 명촌11길 12 (명촌동,123B3L1층)"
200,울산천곡아진점,울산광역시,북구,"울산광역시 북구 달천로 50 (달천동, 달천아이파크1차 B동 106호"
201,울산현대달동본점,울산광역시,남구,울산광역시 남구 중앙로128번길 65 (달동) 
202,원주일산점,강원도,원주시,"강원도 원주시 천사로 175 (일산동,1층)"
203,월곡역점,서울특별시,성북구,"서울특별시 성북구 화랑로 76 코업스타클래스 (하월곡동,코업스타클래스 1층 101-2호)"
204,월곡역점,서울특별시,성북구,"서울특별시 성북구 화랑로 76 (하월곡동, 코업스타클 "
205,은평뉴타운구파발점(Cafe),서울,은평구,서울 은평구 진관동 106 은평뉴타운 마고정 동부센트레빌 301동 B104호
206,응암2점,서울,은평구,서울 은평구 응암동 674-12 
207,의왕포일점,경기도,의왕시,"경기도 의왕시 안양판교로 101 (포일동, 포일메디컬센 107"
208,의왕포일점,경기도,의왕시,"경기도 의왕시 안양판교로 101 (포일동, 서울와이즈병 1층 107호"
209,익산부송점,전라북도,익산시,전라북도 익산시 부송로 110 (부송동) 1층
210,인천송림점,인천,동구,인천 동구 송림동 125-19번지
211,인천학익점,인천,남구,인천 남구 학익동 244-33
212,일산라페스타점,경기도,고양시,"경기도 고양시 일산동구 무궁화로 20-18 (장항동, 하 1층 107호"
213,잠실엘스점,서울특별시,송파구,"서울특별시 송파구 올림픽로 119 , 172(잠실동,지하1층)"
214,장수스타점,전라북도,장수군,전라북도 장수군 장수읍 구시장길 6-18 (금성센타) 2호
215,장안행복점,서울특별시,동대문구,서울특별시 동대문구 사가정로25길 60 (장안동) 1층
216,장흥일영점,경기도,양주시,"경기도 양주시 장흥면 호국로 156 나동 2층 104호,105호"
217,전남강진점,전라남도,강진군,전라남도 강진군 강진읍 보은로2길 36 
218,전남나주시내점,전라남도,나주시,전라남도 나주시 중앙로 7 (남내동) 
219,전남남평점,전라남도,나주시,전라남도 나주시 남평읍 남평1로 10 
220,전남완도행운점,전라남도,완도군,전라남도 완도군 완도읍 개포로 175 
221,정읍수성점,전라북도,정읍시,전라북도 정읍시 중앙로 131 (수성동) 
222,제주노형점,제주특별자치도,제주시,"제주특별자치도 제주시 수덕로 81 (노형동, 동원빌딩) "
223,제주삼도점,제주,제주시,제주 제주시 삼도1동 537-16
224,제주삼화점,제주특별자치도,제주시,제주특별자치도 제주시 화삼북로 143 (삼양이동) 1층
225,제주아라점(cafe)(2),제주특별자치도,제주시,제주특별자치도 제주시 아란8길 (아라일동) 1층
226,제주외도점,제주,제주시,제주 제주시 외도2동 250-1
227,제주월정점,제주,제주시,제주 제주시 구좌읍 행원리 1537-5 
228,제주이도초교점,제주특별자치도,제주시,제주특별자치도 제주시 청사로 86 (도남동) 
229,제주하귀애월점,제주,제주시,제주 제주시 애월읍 하귀2리 1863
230,제주한림점,제주특별자치도,제주시,제주특별자치도 제주시 한림읍 한림로 703 1층
231,제천로즈웰점,충청북도,제천시,충청북도 제천시 신백로 33 (신백동) 
232,종로6가점(cafe),서울,종로구,서울 종로구 종로6가 138-1번지
233,주문진점,강원도,강릉시,강원도 강릉시 주문진읍 신리천로 56 
234,죽전월드마크점,대구광역시,달서구,"대구광역시 달서구 와룡로 169 (감삼동, 월드마크웨스 1층 101-111호"
235,지리산온천점,전라남도,구례군,"전라남도 구례군 산동면 지리산온천로 262 101호, 102호"
236,진주상평점,경상남도,진주시,경상남도 진주시 돗골로123번길 4 (상대동) 
237,진주평거점,경상남도,진주시,"경상남도 진주시 새평거로 30 (평거동, 엠코타운 더프 "
238,창원봉곡점,경상남도,창원시,경상남도 창원시 의창구 원이대로279번길 17 (봉곡동) 1층
239,창원북면점,경상남도,창원시,경상남도 창원시 의창구 북면 천주로577번길 25  106(1층)
240,창원상남스타점(치킨앤비어),경상남도,창원시,"경상남도 창원시 성산구 중앙대로 90 (상남동, 디아트 1층 105호"
241,천안나사렛대점,충청남도,천안시,"충청남도 천안시 서북구 나사렛대길 27 (쌍용동, 코지 101호"
242,청주사천점,충청북도,청주시,충청북도 청주시 청원구 율천북로 53 (사천동) 
243,청주성안점,충북,청주시,충북 청주시 상당구 석교동 33-7 2층
244,청주성화점,충청북도,청주시,충청북도 청주시 서원구 장전로20번길 16 (성화동) 1층
245,춘천봄내행운점,강원도,춘천시,강원도 춘천시 퇴계로 221 (석사동) 1층
246,춘천장학지구점,강원도,춘천시,강원도 춘천시 동면 춘천로449번길 20-2 
247,충남금산점,충청남도,금산군,"충청남도 금산군 금산읍 인삼로 65, 106 (앤이시티)"
248,충남덕산온천점,충청남도,예산군,충청남도 예산군 덕산면 봉운로 27-2 
249,충남복운점,충남,당진군,충남 당진군 송악면 복운리 1640-1
250,충남서산읍내점,충남,서산시,충남 서산시 읍내동 255번지
251,충남서천점,충남,서천군,충남 서천군 서천읍 사곡리 271
252,충남온양본점,충청남도,아산시,충청남도 아산시 온중로54번길 7-4 
253,충북오송점,충청북도,청원군,"충청북도 청원군 오송읍 오송생명3로 87 모아미래도아 상가동 201,202호"
254,충주연수행복점,충북,충주시,충북 충주시 연수동 539-1
255,통영미수봉평점,경상남도,통영시,경상남도 통영시 해평1길 6-2 (봉평동)
256,통영죽림점,경상남도,통영시,경상남도 통영시 광도면 신죽1길 90 (죽림프라자) 105호
257,통영큐즈점,경남,통영시,경남 통영시 무전동 1032-1 
258,파주봉일천점,경기도,파주시,경기도 파주시 조리읍 봉천로 37-14 
259,평택서정점,경기도,평택시,경기도 평택시 특구로27번길 25 (서정동)
260,포천중앙점,경기,포천시,"경기 포천시 신읍동 191-35,37,38"
261,포항남부점,경북,포항시,경북 포항시 남구 상도동 66-54 
262,포항대이점,경북,포항시,경북 포항시 남구 대이로127번길 18-5 1층(이동)
263,포항두호점,경상북도,포항시,경상북도 포항시 북구 학전로 71 (두호동) 1층
264,포항양학점,경상북도,포항시,경상북도 포항시 북구 양학로 8 (학잠동) 1층
265,포항창포점,경북,포항시,경북 포항시 북구 창포동 627
266,학동역점,서울특별시,강남구,서울특별시 강남구 학동로34길 23 (논현동) 1층
267,행운점,서울특별시,관악구,"서울특별시 관악구 봉천로 567 (봉천동, 1층) "
268,형곡행복점,경북,구미시,경북 구미시 형곡동 151-7 대림베스트빌 301동 105호
269,화곡3점,서울특별시,양천구,서울특별시 양천구 월정로 218 (신월동) 1층
270,화정스타점,광주,서구,광주 서구 화정동 1334 101호
271,흥덕지구점,경기,용인시,경기 용인시 기흥구 영덕동 974-7 미래도프라자 103호
272,흥덕행복점,경상북도,문경시,경상북도 문경시 호서로 100 (흥덕동)
273,강남고속버스터미널점,서울특별시,서초구,"서울특별시 서초구 신반포로 194 강남고속버스터미널 (반포동,본관지층)"
274,개포스타점,서울특별시,강남구,서울특별시 강남구 논현로12길 19-9 (개포동) 
275,거제삼성점,경상남도,거제시,"경상남도 거제시 장평4로 57 (장평동, 그린피아) 101호"
276,계산역점,인천광역시,계양구,인천광역시 계양구 경명대로 1091 (계산동) 에이동 1층
277,고색행복점,경기도,수원시,경기도 수원시 권선구 매송고색로 701 (고색동) 
278,광명소하점,경기도,광명시,경기도 광명시 성채로50번길 9-12 101 (소하동)
279,광명하안점,경기도,광명시,"경기도 광명시 가림로 54-11 (하안동, 하안주공아파트 일반상가 107호)"
280,광명행복점,경기도,광명시,경기도 광명시 오리로985번안길 3 (광명동) 1층
281,굴포천점,인천광역시,부평구,"인천광역시 부평구 충선로203번길 16 (삼산동, 창성프 101,102호"
282,김천점,경상북도,김천시,경상북도 김천시 부곡맛고을3길 24 (부곡동) 
283,낙산해수욕장점,강원도,양양군,강원도 양양군 강현면 일출로 43-11 
284,대전신탄진점,대전,대덕구,대전 대덕구 신탄진동 121-23
285,대전용전점,대전광역시,동구,"대전광역시 동구 홍도로 62 (용전동, 한밭맨션) 용전동, 2층"
286,대전터미널점,대전광역시,동구,"대전광역시 동구 동서대로1695번길 30 (용전동, 대전 1층 CE110호"
287,대천파레브점,충남,보령시,충남 보령시 신흑동 2274-1 
288,대학로점,서울,종로구,서울 종로구 명륜동2가 22-2 도가빌딩 1층
289,독산행복점,서울특별시,금천구,"서울특별시 금천구 범안로 1193 (독산동, 가남물산제1 1층"
290,동대문점,서울,중구,서울 중구 을지로6가 23-26 지상1층
291,동탄산업단지점,경기도,화성시,경기도 화성시 동탄면 동탄기흥로 147-13 205호(센터프라자)
292,명동점(치킨앤비어)(사변),서울특별시,중구,"서울특별시 중구 명동8가길 22 (충무로2가, 충무로패 3층"
293,무교동점,서울특별시,중구,서울특별시 중구 무교로 19 
294,범계점,경기,안양시,경기 안양시 동안구 호계동 1047-3 성보빌딩 103호
295,봉화점,경북,봉화군,경북 봉화군 봉화읍 내성리 272-4
296,부산사상역점,부산광역시,사상구,부산광역시 사상구 광장로 96 (괘법동) 
297,부산중동점(치킨앤비어),부산광역시,중구,"부산광역시 중구 중앙대로 114 (중앙동4가, 크라운 하 2층"
298,"부산해운대비치점(명변,치킨앤비어)",부산,해운대구,부산 해운대구 중동 1417-2 씨스타지하1층
299,사당메트로점,서울특별시,서초구,서울특별시 서초구 방배천로 5-1 (방배동) 2층
300,사당역점,서울,관악구,서울 관악구 남현동 1061-59
301,삼례우석대점,전라북도,완주군,전라북도 완주군 삼례읍 동학로 103 
302,삼척대명리조트점,강원,삼척시,강원 삼척시 갈천동 산 16-4번지 메인로비 1층 
303,서산점,충남,서산시,충남 서산시 대산읍 기은리 592-23
304,석수역점,경기도,안양시,"경기도 안양시 만안구 연현로 103 1층 107호 (석수동,석수두산위브상가)"
305,성남시청점,경기,성남시,경기 성남시 중원구 여수동 201 103호 
306,성남중원점,경기도,성남시,경기도 성남시 중원구 갈마치로 215 금강펜테리움IT타 지하
307,송파법조타운점(2)(치킨앤비어),서울특별시,송파구,"서울특별시 송파구 법원로 114 (문정동, 엠스테이트) C동 225호"
308,수원세류점(치킨앤비어),경기도,수원시,경기도 수원시 권선구 정조로388번길 6(세류동) 1층
309,수원조원점,경기도,수원시,경기도 수원시 장안구 경수대로 920 (조원동) 2층
310,신당점,서울,중구,서울 중구 무학동 58
311,신도림역점,서울,구로구,서울 구로구 신도림동 338번지 푸르지오 2차상가
312,안양코암호텔점,경기,안양시,경기 안양시 만안구 안양동 431-10
313,압구정스타점,서울,강남구,서울 강남구 신사동 634-16 
314,양양쏠비치점,강원도,양양군,강원도 양양군 손양면 선사유적로 678 (이스탄샤C) 
315,양재주암점,서울특별시,서초구,서울특별시 서초구 매헌로 36 (양재로) 2층
316,여의도역아일렉스점,서울특별시,영등포구,"서울특별시 영등포구 의사당대로 108 (여의도동, 아일 지하1층 F01호"
317,여의도점,서울,영등포구,서울 영등포구 여의도동 26 S-TRENUE 지하B103호
318,역곡역점,경기도,부천시,"경기도 부천시 원미구 부일로 702 (역곡동, 남영아파 상가동 105, 106호"
319,용인동천유타워점,경기도,용인시,"경기도 용인시 수지구 신수로 767 (동천동, 분당수지U B동 A-125호"
320,울산일산점,울산광역시,동구,울산광역시 동구 해수욕장3길 6 (일산동) 
321,을지대점,경기도,성남시,경기도 성남시 중원구 산성대로 558 (은행동) 
322,의정부신곡중앙점,경기도,의정부시,"경기도 의정부시 동일로 454번길 7(신곡동, 5층) "
323,인천연수스타점,인천광역시,연수구,"인천광역시 연수구 용담로118번길 21 (연수동, 미지프 연수동,미지프라임빌101호"
324,인천옥련점,인천,연수구,인천 연수구 옥련동 371 지상1층 101호
325,인천청천점,인천광역시,부평구,인천광역시 부평구 마장로 475 (청천동) 
326,장기수변점,경기도,김포시,"경기도 김포시 김포한강2로23번길 10 (장기동, 라베니 1층 121호 122호"
327,장기수변점2호점(분점),경기도,김포시,"경기도 김포시 김포한강2로 23번길 10, B118호 (장기 "
328,제주도두점,제주,제주시,제주 제주시 도두1동 2538번지
329,제주삼무공원점,제주특별자치도,제주시,제주특별자치도 제주시 삼무로 40 (연동) 2층
330,진주칠암점,경남,진주시,경남 진주시 칠암동 동진로 20번길 25
331,천안백석점,충남,천안시,충남 천안시 서북구 백석동 54-29 
332,청주모충점,충청북도,청주시,충청북도 청주시 흥덕구 모충로 79 (모충동) 
333,청주지웰시티몰점,충북,청주시,"충북 청주시 흥덕구 복대동 3379 신영지웰시티1차 상업시설 B26,B30"
334,춘천퇴계점(치킨앤비어),강원도,춘천시,강원도 춘천시 행촌로 59 (퇴계동) 1층
335,크리스탈호텔점,대구광역시,달서구,대구광역시 달서구 달구벌대로 1910 (두류동) 1층
336,태장1동점,강원,원주시,강원 원주시 태장동 126-10 
337,파장점,경기,수원시,경기 수원시 장안구 파장동 588
338,파주LCD점,경기도,파주시,경기도 파주시 월롱면 엘씨디로241번길 8-19 2층 201호
339,호계점(치킨&비어),경기도,안양시,"경기도 안양시 동안구 엘에스로 45 (호계동, 대영골든 304(호계동,3층)"
340,휘닉스파크무이점,강원도,평창군,강원도 평창군 봉평면 태기로 89 1층
341,가락2점,서울,송파구,서울 송파구 가락2동 190-7번지  1층
342,가락점,서울,송파구,서울 송파구 가락동 90-3
343,가산점,서울,금천구,서울 금천구 가산동  152-16
344,가재울뉴타운점,서울특별시,서대문구,"서울특별시 서대문구 가재울미래로 2 (남가좌동, DMC 203동 105B호"
345,가평북면점,경기도,가평군,경기도 가평군 북면 화악산로 18 1층
346,가평설악점,경기,가평군,경기 가평군 설악면 신천리 462-14
347,가평청평점(펀&정2),경기,가평군,경기 가평군 청평면 청평리 413-16외1필지
348,강릉교동점,강원,강릉시,강원 강릉시 교동 833-4
349,강릉성덕점,강원도,강릉시,강원도 강릉시 월대산로 64 (입암동) (입암동)
350,강북스타2호점,서울특별시,강북구,서울특별시 강북구 오현로32길 3 
351,강북스타3호점,서울특별시,강북구,"서울특별시 강북구 삼양로27길 43 (미아동, 위브 테라 1층 111호"
352,강북스타점,서울특별시,강북구,서울특별시 강북구 한천로 992 
353,강서2점,서울,강서구,서울 강서구 등촌1동 654-77
354,강서지사점,부산광역시,강서구,부산광역시 강서구 과학산단로334번다길 39 (지사동) 1층
355,강선점,경기,고양시,경기 고양시 일산서구 주엽동 83 강선마을 상가동1층
356,강원간성점,강원,고성군,강원 고성군 간성읍 신안리 162-2
357,강원거진점,강원,고성군,강원 고성군 거진읍 거진리 283-9번지
358,강원양구점,강원,양구군,강원 양구군 양구읍 상리 273-3
359,강원양양점,강원,양양군,강원 양양군 양양읍 남문1리 97-3번지
360,강원인제점,강원,인제군,강원 인제군 인제읍 상동리 347-1
361,강원태백점,강원,태백시,강원 태백시 황지동 215-7
362,강원홍천점,강원도,홍천군,강원도 홍천군 홍천읍 홍천로3길 15 
363,강화세광점,인천,강화군,인천 강화군 선원면 창리 642-1
364,개봉역점,서울특별시,구로구,"서울특별시 구로구 개봉로23가길 76 107(개봉동,한마음프라자)"
365,개봉점,서울,구로구,서울 구로구 개봉동 329-13
366,개포2점,서울,강남구,서울 강남구 개포동 141번지 개포주공1단지상가 가상가 101동 2호
367,개포동역점(올리브치킨),서울특별시,강남구,"서울특별시 강남구 개포로 512 (개포동, 개포종합상가 1층 108호"
368,개포점,서울특별시,강남구,서울특별시 강남구 개포로 250 (개포동) 
369,개화산점,서울특별시,강서구,서울특별시 강서구 초원로 47 방화동 1층1호
370,거여점,서울,송파구,서울 송파구 거여동 343-4 송파공고옆
371,거제고현점,경남,거제시,경남 거제시 고현동 1035-6
372,거제상동점,경남,거제시,경남 거제시 상동동 931-18 상가동 102호 
373,거제수양점(올리브카페),경상남도,거제시,경상남도 거제시 수양로 432 (수월동) 
374,거제장승포점,경상남도,거제시,"경상남도 거제시 장승로 168 (장승포동, 효은빌딩) (장승포동,외1필지(1층))"
375,거제중곡수월점,경상남도,거제시,경상남도 거제시 중곡로1길 28-4 (고현동) 1층(고현동)
376,경기광주2호점(cafe),경기,광주시,경기 광주시 탄벌동 765 경남아파트상가비동103호
377,경기광주쌍동점,경기,광주시,경기 광주시 초월읍 쌍동리 184
378,경기광주역점(올리브카페),경기도,광주시,경기도 광주시 장지1길 19 (장지동) 1층
379,경기광주태전점,경기도,광주시,경기도 광주시 태봉로 23 (태전동) 
380,경기광주퇴촌점,경기,광주시,경기 광주시 퇴촌면 광동리 173-7
381,경기능골점,경기,광주시,경기 광주시 오포읍 능평리 174-33
382,경기사강점,경기도,화성시,경기도 화성시 송산면 사강로 159 106호~107호
383,경기양벌리점,경기,광주시,경기 광주시 오포읍 양벌리 561-1
384,경기양평점,경기도,양평군,경기도 양평군 양평읍 관문길 57 
385,경남거창점,경남,거창군,경남 거창군 거창읍 대동리 713-1 세한빌딩 101호
386,경남고성점,경남,고성군,경남 고성군 고성읍 서외리 224-6 상우궁전빌라 101
387,경남금산점,경남,진주시,경남 진주시 금산면 중천리 408-4
388,경남안의점1,경남,함양군,경남 함양군 안의면 당본리 21-1번지
389,경남영산점,경상남도,창녕군,경상남도 창녕군 영산면 영산새싹길 28 
390,경남원지점,경남,산청군,경남 산청군 신안면 하정리 929-2
391,경남진교점,경남,하동군,경남 하동군 진교면 진교리 426-77
392,경남창녕점,경남,창녕군,경남 창녕군 창녕읍 교하리 46-2
393,경남칠원점,경남,함안군,경남 함안군 칠원면 용산리 39-2
394,경남함양점,경남,함양군,경남 함양군 함양읍 용평리 720-15
395,경북고령점,경북,고령군,경북 고령군 고령읍 쾌빈리 483-1
396,경북봉화점,경상북도,봉화군,경상북도 봉화군 내성로1길 47 
397,경북북삼로뎀점,경상북도,칠곡군,경상북도 칠곡군 북삼읍 북삼로 11 11길 8
398,경북성주가천점,경북,성주군,경북 성주군 가천면 창천리 518-1
399,경북신도청점,경상북도,예천군,경상북도 예천군 호명면 양지4길 4 
400,경북영주휴천점,경북,영주시,경북 영주시 조암동 1187-35
401,경북예천점(올리브치킨),경상북도,예천군,경상북도 예천군 예천읍 중앙로 74 (예천성인콜라텍) 
402,경북풍기점,경북,영주시,경북 영주시 풍기읍 성내3리 48-2
403,경산사동점,경북,경산시,경북 경산시 사동 652-8
404,경산옥산1점,경북,경산시,경북 경산시 옥산동 865번지
405,경산옥산점,경북,경산시,경북 경산시 정평동 138-6 우방상가 103-106호
406,경산진량점,경상북도,경산시,경상북도 경산시 진량읍 공단1로 2 
407,경산하양점,경북,경산시,경북 경산시 하양읍 금락리4-59
408,경주건천점,경상북도,경주시,경상북도 경주시 건천읍 대경로 3977 
409,경주나아점,경상북도,경주시,경상북도 경주시 양남면 나아5길 10-5 
410,경주동천점,경북,경주시,경북 경주시 동천동 817-3
411,경주불국사점,경북,경주시,경북 경주시 진현동 611-114
412,경주성건점,경상북도,경주시,경상북도 경주시 금성로 385 (성건동) 
413,경주외동점,경북,경주시,경북 경주시 외동읍 입실1리 1016-8
414,경주용강점,경상북도,경주시,"경상북도 경주시 다불로 49 (용강동, 삼환나우빌) ,5(용강동,삼환나우빌상가)"
415,경주충효이안점(올리브카페),경상북도,경주시,경상북도 경주시 충효천길 263-10 (충효동) 1층
416,경주충효점,경북,경주시,경북 경주시 충효동 2992-3 진성빌라상가 102호
417,경주황성2호점(올리브카페),경상북도,경주시,경상북도 경주시 용담로116번길(황성동) 
418,경주황성점,경북,경주시,경북 경주시 황성동 277-4
419,경희궁자이점,서울,종로구,서울 종로구 무악동 45-304
420,고덕점,서울,강동구,서울 강동구 고덕1동 645-8번지
421,고성대진점,강원,고성군,강원 고성군 현내면 대진리 111-7
422,고양관산동점,경기도,고양시,경기도 고양시 덕양구 통일로768번길 19 (관산동) 1층 104호
423,고양성사점,경기도,고양시,"경기도 고양시 덕양구 호국로 859 (성사동, 대림e편한 가동1층 107호(일부)"
424,고양원당점(cafe),경기,고양시,경기 고양시 덕양구 성사동 720-1번지
425,고양원흥점,경기도,고양시,경기도 고양시 덕양구 삼원로 102 (원흥동) 상가-105(원흥동)
426,고양점,경기도,고양시,"경기도 고양시 덕양구 혜음로 103 (고양동, 신성프라 104호"
427,고양행신가람점,경기도,고양시,경기도 고양시 덕양구 행신로 351-9 (행신동) 1층
428,고잔신도시점,경기도,안산시,"경기도 안산시 상록구 해양1로 15 (사동, 안산고잔6차 104,105호"
429,고창본점,전북,고창군,전북 고창군 고창읍 읍내리 197-8
430,고척점,서울특별시,구로구,서울특별시 구로구 경인로47다길 10 (고척동) 
431,고흥거금도점,전남,고흥군,전남 고흥군 금산면 거금중앙길 137
432,곡성옥과점(express3),전라남도,곡성군,전라남도 곡성군 옥과면 대학로 147 
433,곤지암점,경기,광주시,경기 광주시 실촌면 곤지암리 453-48번지
434,공릉점,서울특별시,노원구,서울특별시 노원구 공릉로 199 103(공릉동)
435,공주신관점,충남,공주시,충남 공주시 금흥동 현대4차A상가 104호
436,공주옥룡점,충남,공주시,충남 공주시 옥룡동 330-1
437,공주이인점,충남,공주시,충남 공주시 이인면 이인리 159-5
438,공항점,서울,강서구,서울 강서구 공항동 41-44번지
439,과천부림점,경기,과천시,경기 과천시 부림동 20-1 일반상가 6호
440,광나루점(Cafe),서울특별시,광진구,"서울특별시 광진구 광나루로 595 (광장동, 광장자이아 "
441,광명본점,경기,광명시,경기 광명시 광명7동 720-5   1층
442,광명소하점,경기,광명시,경기 광명시 소하동 1323-1 103
443,광명역점(올리브치킨),경기도,광명시,경기도 광명시 일직로12번길 11 (일직동) 1층 4호
444,광명철산점,경기,광명시,경기 광명시 철산동 241-2 바상가106호
445,광명하안3점(8),서울,금천구,서울 금천구 독산동 1100-3번지
446,광명하안중앙점(4),경기도,광명시,"경기도 광명시 하안로 293-10 (하안동, 정산빌딩) "
447,광양덕례점,전남,광양시,전남 광양시 광양읍 구산리 848-23 
448,광양용강점,전라남도,광양시,전라남도 광양시 광양읍 와룡길 30-1 
449,광양중동점,전라남도,광양시,전라남도 광양시 광장1길 21 (중동) 
450,광양중마점,전라남도,광양시,전라남도 광양시 중마로 267 (중동) 
451,광운대점,서울,노원구,서울 노원구 월계동 402-53번지
452,광장점,서울특별시,광진구,서울특별시 광진구 구의로16길 89 (구의동) 101호
453,광장점,서울특별시,광진구,서울특별시 광진구 구의로16길 89 (구의동) 1층
454,광주금호점,광주광역시,서구,"광주광역시 서구 금화로115번길 25 (금호동, 한국2차 도시공사2단지상가동102호"
455,광주담양점,전남,담양군,전남 담양군 담양읍 지침리 113-1
456,광주도척점,경기도,광주시,경기도 광주시 도척면 노곡로 19 (1층)
457,광주도평리점,경기도,광주시,경기도 광주시 초월읍 현산로 106 
458,광주마재점,광주광역시,서구,"광주광역시 서구 화개중앙로 55 (금호동,1층)"
459,광주매곡점,광주광역시,북구,광주광역시 북구 서하로 96 (매곡동) 1층
460,광주목포연산점,전남,목포시,전남 목포시 산정동 1778-16
461,광주백운점,광주광역시,남구,"광주광역시 남구 백운로 91-2 (백운동) 104(백운동,1층)"
462,광주상무점,광주광역시,서구,"광주광역시 서구 상무중앙로 57 (치평동, 상무중흥S클 "
463,광주송정역점(올리브카페),경기도,광주시,경기도 광주시 광주대로224번길 1 (송정동) 1층 3호
464,광주수완신가점(올리브카페),광주광역시,광산구,"광주광역시 광산구 수등로76번길 15 (신가동, 스타빌) 1층"
465,광주수완점,광주광역시,광산구,광주광역시 광산구 장신로 135 (수완동) 1층 109호
466,광주신창행운점,광주광역시,광산구,광주광역시 광산구 왕버들로251번길 14 (신창동) 1층
467,광주쌍촌점,광주광역시,서구,광주광역시 서구 내방로240번길 5 (쌍촌동) 1층
468,광주영암점,전남,영암군,전남 영암군 영암읍 서남리 66-1번지
469,광주용두점,광주,북구,광주 북구 양산동 910
470,광주용봉비엔날레점(cafe),광주,북구,광주 북구 용봉동 1091-4번지 엠타워 103호
471,광주운남점,광주,광산구,광주 광산구 운남동 목련로 153번길 31 1층
472,광주운암점(Cafe),광주,북구,광주 북구 운암동 959-2 1층
473,광주일곡점,광주광역시,북구,광주광역시 북구 송해로 72 (일곡동) 
474,광주진월점,광주,남구,광주 남구 진월동 412-5번지
475,광주첨단금호점,광주,광산구,광주 광산구 월계동 756-6 라인5차아파트 상가-101
476,광주첨단월계점,광주,광산구,광주 광산구 월계동 813-9
477,광주풍암점,광주,서구,광주 서구 풍암동 1078-4
478,광주하남점,광주광역시,광산구,광주광역시 광산구 하남대로54번안길 3 (하남동) 
479,광주학운점,광주,동구,광주 동구 학동 676-12 보람아파트 상가 103호
480,광주화정점,광주광역시,서구,광주광역시 서구 염화로 122 (화정동) 1층
481,광탄점,경기,파주시,경기 파주시 광탄면 신산리 358-17
482,교하신도시점,경기도,파주시,"경기도 파주시 책향기로 439 (동패동, 책향기마을동문 204호"
483,교현스타점(올리브치킨),충청북도,충주시,충청북도 충주시 신호4길 26 (교현동) 2층
484,구로점,서울,구로구,서울 구로구 구로동 429-41번지
485,구룡포점,경북,포항시,경북 포항시 남구 구룡포읍 구룡포리 704-9
486,구리갈매점(올리브카페),경기도,구리시,"경기도 구리시 갈매중앙로 89-8 (갈매동, 로데오프라 1층 102호"
487,구리교문점,경기,구리시,경기 구리시 교문동 803
488,구리수택점,경기도,구리시,경기도 구리시 이문안로99번길 24 (수택동) 1층
489,구미공단점,경상북도,구미시,"경상북도 구미시 산호대로 233 (공단동, 구미BOX IN) 1층 116호"
490,구미구평점,경북,구미시,경북 구미시 구평동 473-11
491,구미봉곡점,경북,구미시,경북 구미시 봉곡동 298-2
492,구미송정점,경북,구미시,경북 구미시 송정동 80-5
493,구미신평점,경북,구미시,경북 구미시 신평동 150-49번지
494,구미옥계2점,경상북도,구미시,경상북도 구미시 산호대로25길 26-19 (옥계동) 
495,구미옥계사랑점,경북,구미시,"경북 구미시 옥계동 4공단 18-3, 6블럭 현진에버빌단지내상가1층 104"
496,구미원호점,경북,구미시,경북 구미시 도량동 707-8번지 101호
497,구미진평점,경북,구미시,경북 구미시 진평동 17-6 청우빌 102
498,구미확장단지점(올리브치킨),경상북도,구미시,경상북도 구미시 산동면 신당4로 17 (우미린센트럴파 2동 101호
499,구산동점,서울,은평구,서울 은평구 구산동 9-9번지  1층
500,구산예일점,서울,은평구,서울 은평구 역촌동 51-79번지 1층
501,구의점,서울특별시,광진구,"서울특별시 광진구 자양로 296 (구의동, 1층)"
502,국수리점,경기도,양평군,경기도 양평군 양서면 경강로 1041 
503,군산경암점(명변)(express),전북,군산시,"전북 군산시 대명동 대명길 3, 상가동 1층 107호"
504,군산나운더하임점,전북,군산시,전북 군산시 나운동 1556 보람더하임상가 가동 103호
505,군산나운신도시점,전라북도,군산시,전라북도 군산시 서수송2길 40 (나운동) 1층
506,군산나운신도시점(express)(명변)(3),전라북도,군산시,전라북도 군산시 서수송2길 40 (나운동) 1층
507,군산나운지곡점,전라북도,군산시,전라북도 군산시 동지곡길 38 (지곡동)
508,군산미룡점,전북,군산시,전북 군산시 미룡동 898-1
509,군산미장점,전북,군산시,"전북 군산시 미장남로 10, 1동 105호(미장아이파크상 "
510,군산산북소룡점,전북,군산시,전북 군산시 산북동 3536-5 
511,군산수송점,전북,군산시,전북 군산시 삼학동 361-2번지
512,군위행복점,경상북도,군위군,경상북도 군위군 군위읍 중앙길 126 
513,군자점,서울,광진구,서울 광진구 군자동 364
514,군포당동점,경기,군포시,경기 군포시 당동 872-2 산본리빙스텔 107호
515,군포부곡점,경기도,군포시,"경기도 군포시 송부로 222-1 (부곡동, 휴먼시아 5단지 104"
516,군포중앙점(올리브치킨),경기도,군포시,"경기도 군포시 당정역로 8 (당정동, 대우프라자 3) 105호"
517,금곡점(cafe명변),경기,남양주시,경기 남양주시 금곡동 430-34번지
518,금촌점,경기도,파주시,경기도 파주시 금정16길 6 (금촌동) 73-19
519,금호점,서울,성동구,서울 성동구 금호동4가 128
520,금호행복점,대구광역시,북구,대구광역시 북구 한강로8길 13-9 (금호동) 1층 104호
521,기장일광점,부산광역시,기장군,부산광역시 기장군 일광면 일광로 110 (가위소리) 
522,기타(쇼핑몰),서울특별시,송파구,"서울특별시 송파구 중대로 64 (문정동, 진현빌딩) "
523,길음점,서울,성북구,서울 성북구 길음동 1170
524,김천대신점,경북,김천시,경북 김천시 신음동 덕일 A상가 101동 101호
525,김천배신점,경상북도,김천시,경상북도 김천시 감문면 배시내길 51 
526,김천부곡점,경상북도,김천시,경상북도 김천시 김천로 13 (부곡동) 
527,김천신음점,경상북도,김천시,경상북도 김천시 신양4길 63 (신음동) 
528,김천혁신율곡점(올리브치킨),경상북도,김천시,"경상북도 김천시 혁신1로 75 (율곡동, 파크드림씨티써 "
529,김천혁신점,경상북도,김천시,경상북도 김천시 용전3로 15 (율곡동) 
530,김천혁신점,경상북도,김천시,경상북도 김천시 용전3로 15 (율곡동) 
531,김포대곶점,경기,김포시,경기 김포시 대곶면 거물대리 409-9
532,김포마산점(올리브치킨),경기,김포시,"경기 김포시 마산동 김포한강8로 165,108호"
533,김포마송점,경기,김포시,경기 김포시 통진읍 서암리 714-43
534,김포불로점,인천,서구,인천 서구 불로동 불로지구39블럭 불로금호어울림상가101호
535,김포사우점,경기도,김포시,"경기도 김포시 사우중로74번길 39 (사우동, 다이안월 102호"
536,김포양곡행운점,경기도,김포시,경기도 김포시 양촌읍 양곡2로 5-6 
537,김포운양행복점,경기도,김포시,경기도 김포시 김포한강1로 227 (운양동) 101호(광장프라자1동)
538,김포월곶점,경기도,김포시,경기도 김포시 월곶면 애기봉로 16 (1층)
539,김포장기점,경기,김포시,경기 김포시 장기동 1421
540,김포풍무점,경기도,김포시,"경기도 김포시 풍무로96번길 40 (풍무동, 풍무자이아 풍무자이1단지B04호"
541,김포하성점(올리브카페),경기도,김포시,경기도 김포시 하성면 하성로 490 
542,김포학운점,경기도,김포시,경기도 김포시 양촌읍 황금로48번길 5-11 
543,김해관동점,경남,김해시,경남 김해시 관동동 444-4 중원프라자 104호 
544,김해대성점,경남,김해시,경남 김해시 대성동 148-3
545,김해삼문점,경남,김해시,경남 김해시 장유면 삼문리 대동피렌체상가
546,김해삼방점,경상남도,김해시,경상남도 김해시 삼안로 136-1 (삼방동) 1층 
547,김해어방점,경남,김해시,경남 김해시 어방동 503-6
548,김해율하점,경상남도,김해시,경상남도 김해시 율하2로 115번길 13 (관동동) 1층 110호
549,김해장유점,경남,김해시,경남 김해시 장유면 부곡리 805-4 104호
550,까치산점,서울,강서구,서울 강서구 화곡8동 332-12
551,낙민수안점,부산,동래구,부산 동래구 낙민동 91-14 103
552,난곡점,서울,관악구,서울 관악구 신림동 1738-1 파로스프라자 B동 제지1층 
553,남대문점,서울특별시,중구,서울특별시 중구 남대문시장4길 42-1 (남창동)
554,남산타운점,서울,중구,서울 중구 신당3동 844 남산타운2 215
555,남악대박점,전라남도,무안군,전라남도 무안군 삼향읍 남악4로82번길 31 (근화베아 상가 109호
556,남양주리코스타점(e-cafe)(명변),경기도,남양주시,경기도 남양주시 별내면 청학로68번길 3 (금강빌딩) 지층 1호
557,남지점,경상남도,창녕군,경상남도 창녕군 남지읍 낙동로 486 103
558,남해남면점,경남,남해군,경남 남해군 남면 남서대로 800
559,남해미조점,경남,남해군,경남 남해군 미조면 미조리 100-1
560,남해읍점,경상남도,남해군,경상남도 남해군 남해읍 망운로 17 
561,내곡포레스타점,서울특별시,서초구,"서울특별시 서초구 청계산로7길 43 (신원동, 서초포레 101호"
562,노원점,서울특별시,노원구,서울특별시 노원구 상계로1길 62-51 (상계동) 1층
563,노은2지구점,대전,유성구,대전 유성구 반석동 647-7
564,노은3지구점,대전광역시,유성구,대전광역시 유성구 지족로 283 지상1층 102호(지족동)
565,녹번점,서울특별시,은평구,"서울특별시 은평구 녹번로 35 (녹번동), 1층 "
566,담양메타프로방스점(express),전라남도,담양군,전라남도 담양군 담양읍 깊은실길 2-13 
567,당리사하점,부산광역시,사하구,부산광역시 사하구 제석로 59 (당리동) 1층
568,당산역점,서울특별시,영등포구,"서울특별시 영등포구 당산로45길 1 (당산동5가, 당산  105호"
569,당진신평점,충청남도,당진시,충청남도 당진시 신평면 신평로 789-3 1층 3호 (대림)
570,당진정미점(펀&정),충남,당진군,충남 당진군 정미면 천의리 252-6번지
571,당진합덕점,충남,당진시,충남 당진시 합덕읍 운산리 918-11 
572,당진CGV점,충청남도,당진시,충청남도 당진시 우두로 16 (우두동) 101호(아치빌)
573,대곡행복점,대구광역시,달서구,"대구광역시 달서구 도원로 48 (도원동, 별메마을 복합 104호"
574,대관령점,강원도,평창군,강원도 평창군 대관령면 대관령로 98 
575,대광점,경기,연천군,경기 연천군 신서면 도신리 290-26번지
576,대구구암점,대구,북구,대구 북구 구암동 692-13
577,대구남산대신점,대구,중구,대구 중구 남산4동 2937-1 남산그린타운 101동1호
578,대구다사죽곡점,대구광역시,달성군,대구광역시 달성군 다사읍 대실역북로 70-1 
579,대구대현복현사랑점,대구,북구,대구 북구 복현1동 421-1번지
580,대구도원점,대구광역시,달서구,대구광역시 달서구 상화로 300-23 (도원동) 
581,대구동천점,대구,북구,대구 북구 동천동 944-6
582,대구만촌점,대구,수성구,대구 수성구 만촌3동 869-19
583,대구매천점,대구,북구,대구 북구 매천동 매천택지개발사업지구 20블록 5로트
584,대구매호점,대구광역시,수성구,"대구광역시 수성구 천을로 181 (매호동, 협화아파트) 상가112동 101호"
585,대구메트로점,대구광역시,수성구,대구광역시 수성구 만촌로 165 (만촌동) 
586,대구범물점,대구광역시,수성구,대구광역시 수성구 지범로 271-1 (범물동) 1층
587,대구범어점,대구,수성구,대구 수성구 범어4동 330 장원상가 108동105호
588,대구복현산격점,대구,북구,대구 북구 검단동 936-19
589,대구봉덕점,대구광역시,남구,"대구광역시 남구 이천로 35 (봉덕동) 봉덕동,1층"
590,대구산격점,대구광역시,북구,"대구광역시 북구 동북로 131 (산격동, 양우내안애아파 106-101(산격동,양우내안애아파트상가)"
591,대구상인행복점,대구,달서구,대구 달서구 상인동 1517 영남화성타운상가 107-3호
592,대구서구점,대구광역시,서구,대구광역시 서구 국채보상로 316 평리롯데캐슬아파트 202-106
593,대구성서본점(4)(명변),대구광역시,달서구,"대구광역시 달서구 선원남로 151 (용산동, 한마음아파 210동 103호"
594,대구송현2점,대구,달서구,대구 달서구 송현1동 203-1  1층
595,대구수성동아점,대구광역시,수성구,대구광역시 수성구 지범로23길 49 (지산동) 
596,대구수성점,대구,수성구,대구 수성구 수성4가 1146-9
597,대구수성행복점,대구,수성구,대구 수성구 수성동2가 231-2
598,대구신매점,대구,수성구,대구 수성구 신매동 586-4
599,대구신서동호점(cafe),대구,동구,대구 동구 신서동 805-11번지
600,대구신암점,대구,동구,대구 동구 신암1동 577~588 588-10
601,대구용산점,대구광역시,달서구,대구광역시 달서구 용산서로 70 (용산동) 
602,대구월성행복점,대구,달서구,대구 달서구 월성동 120번지 푸르지오상가 2동103호
603,대구유천스타점,대구광역시,달서구,"대구광역시 달서구 월배로11길 33 (유천동, 진천역AK 301동 102호"
604,대구율하본점,대구광역시,동구,대구광역시 동구 율하서로 54 (율하동) 1층 103호
605,대구이천영선점(cafe),대구,남구,대구 남구 이천동 453-71번지
606,대구장기사랑점,대구광역시,달서구,"대구광역시 달서구 한들로 55 (장기동, 장기초록나라 501동 108호"
607,대구중구점,대구,중구,대구 중구 수창동 153 
608,대구중동점,대구,수성구,대구 수성구 중동 412-1
609,대구지묘점,대구광역시,동구,대구광역시 동구 파계로6길 46 (지묘동) 제1층101호
610,대구진천수목원점,대구,달서구,대구 달서구 대곡동 1015-1 외 1필지 진천상가 104호
611,대구천내점,대구,달성군,대구 달성군 화원읍 천내리 54-1번지
612,대구칠성점,대구,북구,대구 북구 칠성동2가 355-27
613,대구칠성점(올리브치킨),대구광역시,북구,대구광역시 북구 칠성로 39 (칠성동2가) 
614,대구태전행복점,대구,북구,대구 북구 태전동 961-11번지 1층
615,대구파동점(올리브치킨),대구광역시,수성구,대구광역시 수성구 용학로 12-1 (파동) 1층
616,대구푸른마을점,대구,수성구,대구 수성구 범어동 674-2
617,대구황금점(4),대구,수성구,대구 수성구 황금동 202-3번지
618,대방점(7),서울,영등포구,서울 영등포구 신길동 4027
619,대전가양점,대전,동구,대전 동구 가양동 398-4번지 1-2
620,대전가오점,대전광역시,동구,대전광역시 동구 대전로 448 (가오동) 104호
621,대전갈마점,대전,서구,대전 서구 갈마동 1392 1층
622,대전계룡점,충남,계룡시,충남 계룡시 엄사면 엄사리 174-2
623,대전관저느리울점,대전광역시,서구,대전광역시 서구 구봉로 139 (관저동) 
624,대전관저점,대전광역시,서구,대전광역시 서구 관저북로51번길 8-20 (관저동) 101호
625,대전목동점,대전,중구,대전 중구 중촌동 411-1
626,대전배재대점,대전,서구,대전 서구 도마2동 109-26번지
627,대전벽산점,대전,중구,대전 중구 유천동 189-11
628,대전복수점(Cafe),대전,서구,대전 서구 복수동 612 초록마을아파트2단지상가 112
629,대전부사점,대전광역시,중구,대전광역시 중구 보문로67번길 14 (부사동) 
630,대전비래점,대전광역시,동구,대전광역시 동구 흥룡로 71번길 91 1층(가양동)
631,대전산성점,대전광역시,중구,대전광역시 중구 대둔산로 407-19 (산성동) 1층
632,대전송촌점,대전,대덕구,대전 대덕구 송촌동 467-1
633,대전신성점,대전,유성구,대전 유성구 신성동 152-1번지 대림상가131호
634,대전어은점,대전,유성구,대전 유성구 어은동 110-6
635,대전용운점,대전광역시,동구,대전광역시 동구 용운로 127 
636,대전유성점,대전,유성구,대전 유성구 봉명동 563-14 1층 7호
637,대전전민점,대전,유성구,대전 유성구 전민동 327-23 
638,대전정림점,대전,서구,대전 서구 정림동  609번지
639,대전정림점,대전광역시,서구,대전광역시 서구 정림동로7번길 40 (정림동) 1층(정림동)
640,대전탄방점,대전광역시,서구,"대전광역시 서구 계룡로571번길 17 (탄방동, 태양빌딩 탄방동 103호"
641,대치도곡점,서울,강남구,서울 강남구 대치1동 1023-19 1층
642,대치은마점,서울특별시,강남구,서울특별시 강남구 영동대로57길 16 
643,대치점,서울,강남구,서울 강남구 대치4동 923-4호 104호
644,덕소점,경기,남양주시,경기 남양주시 와부읍 덕소리 491-1
645,덕소진도점,경기,남양주시,경기 남양주시 와부읍 덕소리 537-3번지 진도A 상가
646,도량행복점,경상북도,구미시,경상북도 구미시 도봉로 78 102
647,도봉1점(올리브치킨),서울,도봉구,서울 도봉구 도봉동 562-1
648,도안사랑점,대전광역시,서구,대전광역시 서구 용소로12번길 22 (가수원동) 1층
649,독립문점,서울,서대문구,서울 서대문구 영천동 69-130
650,독산시흥본점,서울,금천구,서울 금천구 독산동 1077-37  1층
651,돌곶이점,서울,성북구,서울 성북구 장위동 66-323
652,동대문스타점,서울특별시,동대문구,서울특별시 동대문구 한천로 133 (답십리동) 1층
653,동대문패션타운점,서울특별시,중구,"서울특별시 중구 마장로1길 28-11 (신당동) 신당동,1층"
654,동두천송내점,경기,동두천시,경기 동두천시 지행동 719-3 현대프라자 1층 107호
655,동림점,광주,북구,광주 북구 동림동 645번지 삼익상가
656,동서울터미널점(올리브카페),서울특별시,광진구,"서울특별시 광진구 강변역로 50 (구의동, 동서울터미 지하1층 15호"
657,동탄능동점,경기,화성시,경기 화성시 능동 1116번지 광명메이루즈상가 1층
658,동탄솔빛나루점,경기도,화성시,경기도 화성시 동탄반석로 99 (반송동) 106호
659,동탄청계점(express)(3),경기도,화성시,"경기도 화성시 동탄대로시범길 122 (청계동, 시범호반 상가동 108호"
660,동탄푸른숲속점,경기도,화성시,"경기도 화성시 10용사로 349-11 (능동, 위너스프라자) 112"
661,동판교백현마을점,경기,성남시,경기 성남시 분당구 백현동 604
662,동판교백현마을점,경기도,성남시,"경기도 성남시 분당구 동판교로 52 (백현동, 제이스타 52번길 5(백현동)"
663,동판교봇들마을점,경기도,성남시,경기도 성남시 분당구 동판교로 212 봇들마을6단지아 봇들마을가상가 101
664,동해북삼점(올리브카페),강원도,동해시,강원도 동해시 효자남길 29-8 (쇄운동) 
665,동해천곡점,강원도,동해시,"강원도 동해시 천곡로 38 (천곡동, 굿모닝플라워) "
666,동호본점(express)(2),대구광역시,동구,대구광역시 동구 동호로 54 (동호동) 1층
667,두산위브제니스점,대구광역시,수성구,"대구광역시 수성구 달구벌대로 2435 (범어동, 두산위 301동 B103-1호"
668,두산점,대구광역시,수성구,대구광역시 수성구 들안로14길 71 (두산동) 
669,두암사랑점(cafe),광주광역시,북구,"광주광역시 북구 삼정로 143 (두암동, 송산아파트) 102"
670,둔촌점,서울,강동구,서울 강동구 둔촌2동 70-56
671,등촌3점,서울특별시,강서구,"서울특별시 강서구 강서로68길 36 (등촌동, 등촌주공1 105"
672,마곡점,서울특별시,강서구,"서울특별시 강서구 마곡동로 61 (마곡동, 에이스프라 1층 102호"
673,마들점,서울특별시,노원구,서울특별시 노원구 동일로 228길 29 106호(상계동)
674,마산구암점,경남,창원시,경남 창원시 마산회원구 구암동 19-35번지
675,마산삼계점,경남,마산시,"경남 마산시 내서읍 삼계리 21 현대아파트상가102,103호"
676,마산석전점,경상남도,창원시,경상남도 창원시 마산회원구 석전남8길 72 
677,마산월영점,경상남도,창원시,경상남도 창원시 마산합포구 월영마을로 29 동아2차아 202
678,마산창동점,경상남도,창원시,경상남도 창원시 마산합포구 동서동3길 39 (신포동1가 
679,마산호계점,경남,마산시,경남 마산시 내서읍 호계리 72-1 지팝프라자106호 107
680,마석행복점,경기,남양주시,경기 남양주시 화도읍 마석우리 588번지 104호
681,마장점,서울특별시,성동구,서울특별시 성동구 마장로 299 (마장동) 
682,마천점,서울,송파구,서울 송파구 마천동 183-47 상가 1층 101호
683,마포도화점,서울,마포구,서울 마포구 도화동 7-20
684,마포용강점,서울,마포구,서울 마포구 대흥동 541-1 1층
685,만리점,서울,마포구,서울 마포구 공덕동 7-249
686,만수점,인천광역시,남동구,"인천광역시 남동구 담방로21번길 55 (만수동, 뉴서울 1층 6호"
687,만수주공점(익스프레스),인천,남동구,인천 남동구 만수동 72-26
688,망원점,서울,마포구,서울 마포구 망원동 475-35 
689,매탄2점(명변),경기,수원시,경기 수원시 영통구 매탄4동 207-18번지
690,매탄점,경기도,수원시,"경기도 수원시 팔달구 권광로 246 (인계동, 래미안 노 상가동 114호"
691,명륜점,서울,종로구,서울 종로구 명륜3가 2~160 53 유림회관부속동1층 20
692,명일점,서울,강동구,서울 강동구 명일동 289-14
693,명지대점,서울특별시,서대문구,서울특별시 서대문구 거북골로 17 (홍은동) 1층
694,목동5점,서울특별시,양천구,서울특별시 양천구 목동서로 130 (목동) 101호
695,목동역점,서울,양천구,서울 양천구 목1동 935 진도아파트상가 101.103호
696,목동한청점,서울,양천구,서울 양천구 목동 199-46 우성 대원프라자 101호
697,목포석현점,전라남도,목포시,"전라남도 목포시 텃골로33번길 53, 제주민복지시설동  (석현동, 석현동 금호어울림)"
698,목포옥암점(올리브카페),전라남도,목포시,전라남도 목포시 남악2로9번길 8 (옥암동) 1층
699,목포하당점,전라남도,목포시,"전라남도 목포시 교육로 37 (상동, 목포우성우편취급 "
700,무안남악행운점,전라남도,무안군,전라남도 무안군 삼향읍 남악3로 39 (펠리시티상가) 102동 1층 104호
701,무원점,경기,고양시,경기 고양시 덕양구 행신동 720
702,묵동행복점,서울특별시,중랑구,서울특별시 중랑구 중랑역로 242 (묵동) 1층2호
703,문경점,경북,문경시,경북 문경시 문경읍 하리 63-2
704,문래점,서울,영등포구,서울 영등포구 문래동6가 8번지   그대가상가 102호
705,문막점,강원,원주시,강원 원주시 문막읍 동화리 1541
706,문산행복점,경기도,파주시,경기도 파주시 문산읍 당동1로 52 
707,문성고아점,경상북도,구미시,경상북도 구미시 고아읍 들성로 255 
708,문정점,서울,송파구,서울 송파구 문정동 39-1
709,문흥지구점,광주광역시,북구,"광주광역시 북구 천지인로173번길 28 (문흥동, 광명아 상가A동 108호"
710,미사점,경기도,하남시,"경기도 하남시 미사강변대로 212 (망월동, 미사센트럴 1층 120호"
711,밀양내이점,경상남도,밀양시,경상남도 밀양시 백민로 31-2 (내이동) 1층
712,밀양수산점,경남,밀양시,경남 밀양시 하남읍 수산리 814-62번지
713,반포중앙점,서울특별시,서초구,"서울특별시 서초구 신반포로23길 41 (잠원동, 잠원상 121호 122호"
714,발산점,서울특별시,강서구,서울특별시 강서구 강서로47길 46 (내발산동) 1층
715,방배이수점,서울특별시,서초구,서울특별시 서초구 도구로 93 (방배동) 
716,방이점,서울,송파구,"서울 송파구 방이동 126-13, 1층 (가락로36길 6, 방이동)"
717,방촌행운점,대구광역시,동구,"대구광역시 동구 화랑로88길 30 (방촌동, 보성강남타 201동 103호"
718,방화점(2),서울,강서구,서울 강서구 방화동 260-40 번지
719,백석2점,경기도,고양시,경기도 고양시 일산동구 중앙로 1123 흰돌마을2단지아 백상가동 1층 140호
720,백석점,경기,양주시,경기 양주시 백석읍 복지리 130-8
721,병점1점,경기,화성시,경기 화성시 병점동 407-4 창명빌딩 107호
722,보광점(2),서울,용산구,서울 용산구 보광동 386-1
723,본스PC카페 세종점(e-cafe),세종특별자치시,조치원읍,세종특별자치시 조치원읍 행복11길 12 3층 301호
724,본오상록수점,경기도,안산시,경기도 안산시 상록구 본이로 13 (본오동) 1층
725,봉담행복점(cafe),경기,화성시,경기 화성시 봉담읍 상리 21-3번지
726,봉선제일점,광주광역시,남구,광주광역시 남구 봉선중앙로 57 
727,봉천쑥고개점,서울,관악구,서울 관악구 봉천4동 1584-5번지
728,봉천우성점,서울,관악구,서울 관악구 봉천동 36-10 
729,봉천중앙점,서울,관악구,서울 관악구 봉천2동 1703  동아A상가 1층  A동 104호
730,부산가야점,부산,부산진구,부산 부산진구 개금동 523-19
731,부산개금점,부산광역시,부산진구,부산광역시 부산진구 개금본동로 77 (개금동) 
732,부산거제점,부산광역시,연제구,부산광역시 연제구 중앙대로 1061 (연산동) 1층
733,부산고리원자력점,부산,기장군,부산 기장군 장안읍 월내리 171
734,부산광안리점,부산,수영구,부산 수영구 광안동 192-16
735,부산괴정점,부산,사하구,부산 사하구 괴정3동 262-1
736,부산구서점,부산광역시,금정구,부산광역시 금정구 구서중앙로 25 
737,부산기장점,부산,기장군,부산 기장군 기장읍 동부리 365-1
738,부산남산점,부산광역시,금정구,부산광역시 금정구 금강로 735-1 (청룡동) 
739,부산남천점,부산광역시,수영구,부산광역시 수영구 수영로408번길 24-4 (남천동) 1층
740,부산남천점(express)(2),부산광역시,수영구,부산광역시 수영구 수영로408번길 24-4 (남천동) 1층
741,부산녹산신호점,부산,강서구,부산 강서구 신호동 220-4 골든프라자 103
742,부산대신점,부산광역시,서구,부산광역시 서구 부용로 15-1 (서대신동1가) 
743,부산대연점,부산광역시,남구,부산광역시 남구 수영로219번길 45 (대연동)
744,부산덕천점,부산광역시,북구,부산광역시 북구 만덕대로78번길 30 (덕천동) 
745,부산동삼국민은행점,부산,영도구,부산 영도구 동삼동 354-1
746,부산마리나점,부산,해운대구,부산 해운대구 우동 993-4 대우마리나2차상가 106
747,부산만덕점,부산광역시,북구,부산광역시 북구 만덕3로 34 (만덕동) 
748,부산망미점,부산,수영구,부산 수영구 망미동 444-18 
749,부산명서점,부산,동래구,부산 동래구 명장1동 484-5
750,부산명지국제신도시점,부산광역시,강서구,"부산광역시 강서구 명지국제8로 286(명지동, 지봉빌딩 1층 106호"
751,부산명지점,부산광역시,강서구,"부산광역시 강서구 명지오션시티6로 33 (명지동, 엘크 103호"
752,부산모라점,부산,사상구,부산 사상구 모라동 1339-19
753,부산몰운대다대1동점,부산,사하구,부산 사하구 다대동 1551-26
754,부산문현점,부산,남구,부산 남구 문현동 202-69
755,부산밀양삼문점,경남,밀양시,경남 밀양시 삼문동 552-1 제일훼미리상가 107호
756,부산반송점,부산,해운대구,부산 해운대구 반송2동 886 삼한5차상가 105
757,부산반여점,부산광역시,해운대구,"부산광역시 해운대구 반여로 112-1 (반여동, 산봉빌딩 "
758,부산봉래청학점,부산,영도구,부산 영도구 청학2동 7-6 번지
759,부산부곡점,부산,금정구,부산 금정구 부곡동 292-13
760,부산사상점,부산,사상구,부산 사상구 괘법동 516-1 한신아파트상가 2동 107-1
761,부산사직점,부산,동래구,부산 동래구 사직동 99-1
762,부산사하감천점,부산,사하구,부산 사하구 감천동 789 유림2차 106호
763,부산송정점,부산광역시,해운대구,"부산광역시 해운대구 송정중앙로 35 (송정동, 비비큐) "
764,부산수영점,부산광역시,수영구,부산광역시 수영구 무학로 30-4 (광안동) 
765,부산신주례점,부산,사상구,부산 사상구 주례동 939-1 주례1차 A상가 106-114
766,부산안락점,부산,동래구,부산 동래구 안락동 472-1 
767,부산양산신도시점,경남,양산시,경남 양산시 중부동 689-1 골든글로리 상가
768,부산양산평산점,경남,양산시,경남 양산시 평산동 496-3
769,부산엄궁점,부산,사상구,부산 사상구 엄궁동 40-67
770,부산연산로타리점,부산광역시,연제구,부산광역시 연제구 중앙대로 1184 (거제동) (거제동)
771,부산연산점,부산광역시,연제구,부산광역시 연제구 월드컵대로 27 (연산동)
772,부산연산토곡점,부산광역시,연제구,부산광역시 연제구 과정로226번길 8 (연산동) 
773,부산영선점(올리브치킨),부산광역시,영도구,부산광역시 영도구 꿈나무길 255 (신선동3가) 1층
774,부산온천점,부산광역시,동래구,부산광역시 동래구 중앙대로1367번길 25 (온천동) 
775,부산용호점,부산,남구,부산 남구 용호동 393-1 
776,"부산장전점(express)(2,명변)",부산광역시,금정구,"부산광역시 금정구 금강로 225 (장전동, 벽산블루밍디 1층 204호 2단지 근린생활시설동"
777,부산재송역점,부산광역시,해운대구,부산광역시 해운대구 해운대로76번길 16 (재송동) 
778,부산재송점,부산,해운대구,부산 해운대구 반여동 1291-1369 1층
779,부산전포점(express),부산,부산진구,부산 부산진구 전포동 202-25번지
780,부산정관중앙점,부산광역시,기장군,부산광역시 기장군 정관읍 정관5로 12 (동원로얄듀크2 동원로얄듀크상가 227동 125호
781,부산좌동신도시점,부산,해운대구,부산 해운대구 중동 181-1 롯데캐슬마스터2  301-108
782,부산좌동점,부산,해운대구,부산 해운대구 좌동 1317번지 경동플러스상가 206호
783,부산초읍점,부산,부산진구,부산 부산진구 연지동 375-14
784,부산통도환타지아점,경남,양산시,경남 양산시 하북면 순지리 812-7
785,부산하단점,부산,사하구,"부산 사하구 하단동 낙동대로 519번길 79, 1층 3호"
786,부산학장점,부산광역시,사상구,"부산광역시 사상구 학감대로123번길 67 (학장동, 학장 301동 지하1층 206호"
787,부산화명신도시점,부산,북구,부산 북구 화명동 2271-2 새론빌딩 105호
788,부안격포점,전북,부안군,전북 부안군 변산면 격포리 508-35 
789,부영점,경기,남양주시,경기 남양주시 지금동 390-16번지  예전빌딩 1층
790,부천상동2점(3),경기도,부천시,경기도 부천시 조마루로97번길 33-13 (상동) 1층
791,부천상동3점,경기,부천시,경기 부천시 원미구 상동 534-9 모건시티 1층
792,부천상동점,경기,부천시,경기 부천시 원미구 상1동 392번지 한아름상가 112호
793,부천심곡점,경기도,부천시,경기도 부천시 소사구 성주로 216 (심곡본동)
794,부천약대점,경기,부천시,경기 부천시 오정구 내동 31-28 효마을타운 101-101
795,부천역곡2점,경기,부천시,경기 부천시 원미구 역곡동 411 동부센트레빌 3단지 제상가동 103
796,부천원종점,경기,부천시,"경기 부천시 오정구 원종동 230-5 외1필지대창스페이스106,107호"
797,부천원종초등점,경기도,부천시,"경기도 부천시 오정구 삼작로 400 (원종동, 원종시장) 127호(원종동,원종시장)"
798,부천중동본점,경기,부천시,경기 부천시 원미구 중동 1100 대원아파트상가동1층 107호
799,부평2점,인천,부평구,인천 부평구 부평2동 756-103
800,부평4점(cafe),인천,부평구,인천 부평구 부평4동 441-36번지 부평빌딩1층
801,부평삼산점,인천,부평구,인천 부평구 삼산동 389-2 로얄프라자 108호
802,부평삼산타운점,인천,부평구,인천 부평구 삼산동 440-1 삼산타운상가 107호
803,북변감정점,경기도,김포시,경기도 김포시 봉화로167번길 10 (감정동) 
804,분당구미점,경기도,성남시,경기도 성남시 분당구  미금로 48 101
805,분당미금점,경기,성남시,경기 성남시 분당구 구미동 47-3
806,분당본점,경기,성남시,경기 성남시 분당구 분당동 123-1
807,분당서현점,경기,성남시,경기 성남시 분당구 서현동 94 현대아케이트 127
808,분당수내점,경기도,성남시,"경기도 성남시 분당구 수내로 74 (수내동, 양지마을금 108호"
809,분당아름마을점,경기도,성남시,"경기도 성남시 분당구 성남대로779번길 48 (이매동,골든프라자106호)"
810,분당야탑본점,경기,성남시,경기 성남시 분당구 야탑동 287-10
811,분당이매촌점,경기도,성남시,"경기도 성남시 분당구 서현로 181 (이매동, 이매촌한 상가1층103호"
812,분당정자점,경기도,성남시,경기도 성남시 분당구 내정로129번길 17 (정자동) 
813,분당정자카페거리점,경기도,성남시,경기도 성남시 분당구 성남대로 381 1층
814,분당중앙점(올리브치킨)(2),경기도,성남시,"경기도 성남시 분당구 불정로 141 (정자동, 정든마을 104호"
815,분당푸른마을점,경기,성남시,경기 성남시 분당구 수내동 74 푸른마을상가 4-4동 114호
816,불광1동점(5),서울,은평구,서울 은평구 불광동 8/5번지
817,비발디점,강원도,홍천군,강원도 홍천군 서면 한서로 2125 
818,비전중앙점,경기,평택시,경기 평택시 비전동 764-7 1층
819,빛가람점,전라남도,나주시,전라남도 나주시 그린로 193 (빛가람동) 1층 105호
820,사가정점,서울,중랑구,서울 중랑구 면목3동 454-23
821,사당점,서울특별시,동작구,서울특별시 동작구 동작대로9길 7 (사당동) 1층 (사당동)
822,사북고한점,강원도,정선군,강원도 정선군 고한읍 고한로 89 
823,사천사남점,경상남도,사천시,경상남도 사천시 사남면 진삼로 1126 
824,사천시청점(올리브치킨3),경상남도,사천시,경상남도 사천시 용현면 용현2길 50 (시티빌딩) 
825,사천점(올리브치킨3),경상남도,사천시,경상남도 사천시 사천읍 역사동길 41 
826,산본1호점,경기도,군포시,경기도 군포시  번영로 380-1 
827,산본2점,경기,군포시,경기 군포시 산본동 1118-6번지 1층 103호
828,산본3점,경기,군포시,경기 군포시 산본2동 1078번지 1층
829,산본금정본점,경기도,군포시,"경기도 군포시 금산로 55 (산본동, 화남상가) 101,102호"
830,삼사해상공원점,경상북도,영덕군,경상북도 영덕군 강구면 동해대로 4332 
831,삼성점,서울특별시,강남구,서울특별시 강남구 봉은사로61길 17 (삼성동) 1층(삼성동)
832,삼천포2호점,경상남도,사천시,"경상남도 사천시 각산로 3 (선구동, 솔브) "
833,상도2점,서울,동작구,서울 동작구 상도동 17-62
834,상도점,서울,동작구,서울 동작구 상도동 210-21
835,상도점,서울특별시,동작구,서울특별시 동작구 양녕로 184 (상도동) 1층
836,상모사곡점,경북,구미시,경북 구미시 상모동 신세계타운2단지 901-105
837,상암점,서울,마포구,서울 마포구 상암동 1000~1599 1462번지
838,상일점,서울특별시,강동구,서울특별시 강동구 상일동 276
839,상주2점,경상북도,상주시,경상북도 상주시 삼백로 177 (복룡동)
840,상현점,경기도,용인시,"경기도 용인시 수지구 수지로 70-1 (상현동, 동원한의 "
841,샘터행복점,경기도,고양시,경기도 고양시 덕양구 중앙로557번길 7-20 (행신동) 1층 103호
842,샘터행복점,경기도,고양시,"경기도 고양시 덕양구 중앙로557번길 7-20 (행신동,  1층 103호"
843,서교점(cafe)(2),서울특별시,마포구,서울특별시 마포구 월드컵북로5길 22 (서교동) 1층
844,서귀포신시가지점,제주특별자치도,서귀포시,"제주특별자치도 서귀포시 신서귀로 11 (법환동, 서호 "
845,서산음암점,충청남도,서산시,충청남도 서산시 음암면 도당가금말길 55 (1층)
846,서산지곡점,충남,서산시,충남 서산시 지곡면 충의로 762-78 늘푸른오스카빌아 (늘푸른오스카빌아파트상가동216호)
847,서산호수공원점,충청남도,서산시,충청남도 서산시 호수공원11로 35 (읍내동) 
848,서울대점,서울,관악구,서울 관악구 봉천7동 1609-5 1층
849,서창2지구점,인천광역시,남동구,인천광역시 남동구 서창남로 16-1 (서창동) 1층 104호(HK프라자)
850,서천서면점,충청남도,서천군,충청남도 서천군 서면 공암남촌길 178 
851,서초2점,서울,서초구,서울 서초구 서초동 1510-15 1층 108호
852,서초3점,서울,서초구,서울 서초구 서초동 1334 신동아상가 105호
853,서초점,서울,서초구,서울 서초구 반포동 740-17 1층
854,서초타워점,서울특별시,서초구,"서울특별시 서초구 중앙로 582 (우면동) 101(우면동,서초타워)"
855,서판교산운마을점,경기,성남시,경기 성남시 분당구 운중동 922 산운마을주공11단지내상가 101
856,서화천도리점,강원도,인제군,강원도 인제군 서화면 금강로 1759-1 
857,석계모아점,경남,양산시,경남 양산시 상북면 석계리 34-43
858,석계점,서울,성북구,서울 성북구 석관동 10번지   두산A상가 126호
859,석촌2점,서울,송파구,서울 송파구 석촌동 156-6
860,선유리점,경기도,파주시,경기도 파주시 문산읍 사임당로 44 선유프라자나동2호
861,성남금광점(Cafe),경기,성남시,경기 성남시 중원구 금광동 2889 1층
862,성남복정점,경기,성남시,경기 성남시 수정구 복정동 690-6번지 1층
863,성남수진점(2명변),경기,성남시,경기 성남시 수정구 수진동 3395-2번지 1층
864,성남신흥점,경기,성남시,경기 성남시 수정구 산성동 1466
865,성남중앙점,경기도,성남시,경기도 성남시 중원구 광명로 242-3 (중앙동) 1층
866,성남태평점,경기,성남시,경기 성남시 수정구 태평2동 3196번지
867,성북스타3호점(올리브카페),서울특별시,성북구,서울특별시 성북구 동소문로 23-4 (동소문동4가) 
868,성북스타점,서울특별시,성북구,서울특별시 성북구 보문로 57 (보문동7가) 1층
869,성산점,서울특별시,마포구,"서울특별시 마포구 월드컵로32길 35 (성산동) 101(성산동,1층)"
870,성서이곡희망점,대구,달서구,대구 달서구 이곡1동 한샘타운 상가 102 
871,성수2점,서울,성동구,서울 성동구 성수1가2동 13-78
872,성주점(올리브치킨3)(2),경상북도,성주군,경상북도 성주군 성주읍 성주읍2길 13-9 
873,세검정점,서울,종로구,서울 종로구 신영동 131-2
874,세류대우점,경기,수원시,경기 수원시 팔달구 매산로3가 111-9
875,세종고운점,세종특별자치시,마음로,세종특별자치시 마음로 272-9 (고운동) 강남빌딩 109호
876,세종금남점,세종특별자치시,금남면,세종특별자치시 금남면 용포로 45 1층 103호
877,세종비즈니스센터점,세종특별자치시,가름로,"세종특별자치시 가름로 232 (어진동, 세종비즈니스센 A138호 A139"
878,세종새롬점(올리브카페),세종특별자치시,새롬중앙로,"세종특별자치시 새롬중앙로 62-15 (새롬동, 해피라움W 1층 132,135호"
879,세종소담점,세종특별자치시,소담1로,"세종특별자치시 소담1로 12 (소담동, 지엘플렉스1) 1층 109호"
880,세종시청점,세종특별자치시,호려울로,"세종특별자치시 호려울로 29 (보람동, 세종시드니) 1층105호,106호"
881,세종아름점,세종특별자치시,달빛로,"세종특별자치시 달빛로 109 (아름동, 범지기마을4단지 412동 101, 101-1호"
882,세종장군점,세종특별자치시,장군면,"세종특별자치시 장군면 장척로 569 1층 104,105호"
883,세종종촌점,세종특별자치시,도움3로,"세종특별자치시 도움3로 159 (종촌동, 가재마을3단지 1층 113호"
884,소사시온점,경기도,부천시,경기도 부천시 소사본동 409-1 (유성메트로) 1층 111호
885,속리산점,충청북도,보은군,충청북도 보은군 속리산면 사내5길 6-8 
886,속초교동스타점,강원도,속초시,"강원도 속초시 미시령로3337번길 6-49 (교동, 현대1차 1층 105호"
887,속초조양점,강원,속초시,강원 속초시 조양동 1378~1499 1484-11
888,송강점,대전광역시,유성구,대전광역시 유성구 테크노3로 60 (관평동) 1층 115호
889,송도신도시점,인천광역시,연수구,"인천광역시 연수구 컨벤시아대로274번길 15 (송도동,  상가동 1층 2호"
890,송도캠퍼스타운점,인천,연수구,인천 연수구 송도동 149 C동 203호 
891,송우점,경기,포천시,경기 포천시 소흘읍 송우리 726-15번지 
892,송탄금호점,경기도,평택시,경기도 평택시 서정북로 87 (서정동) 
893,송파삼전점,서울특별시,송파구,"서울특별시 송파구 백제고분로28길 8 (삼전동,한양빌딩1층)"
894,송파점,서울,송파구,서울 송파구 송파동 100-1 1층
895,수색점,서울,은평구,서울 은평구 수색동 131-4  1층
896,수원곡선점,경기,수원시,경기 수원시 권선구 권선동 1259-9
897,수원구운점,경기,수원시,경기 수원시 권선구 구운동 530-2
898,수원권선점,경기,수원시,경기 수원시 권선구 권선동 1049-12
899,수원꽃뫼마을점,경기,수원시,경기 수원시 팔달구 화서2동 685-3 101호
900,수원당수점,경기,수원시,경기 수원시 권선구 당수동    인정프린스 105호
901,수원망포점,경기,수원시,경기 수원시 영통구 망포동 297-8 외1필지 가동 1층2호
902,수원성대점,경기,수원시,경기 수원시 장안구 천천동 561-1 105호
903,수원신영통점,경기,화성시,경기 화성시 반월동 신영통현대3차아파트 (301~311동) 3단지 상가 110호
904,수원영통벽적골점,경기,수원시,경기 수원시 영통구 영통동 976-11
905,수원영통점,경기,수원시,"경기 수원시 영통구 영일로  16-4(영통동,1층)"
906,수원우만1점,경기,수원시,경기 수원시 팔달구 우만동 522
907,수원율전점,경기,수원시,경기 수원시 장안구 서부로  2126번길  27(율전동)
908,수원정자행운점,경기도,수원시,"경기도 수원시 장안구 정자천로189번길 40 (정자동) 벽산아파트분산상가 101,102호"
909,수원정자행운점(cafe)(2),경기도,수원시,"경기도 수원시 장안구 정자천로189번길 40 (정자동,  분산상가동 101,102호"
910,수원조암점,경기,화성시,경기 화성시 우정읍 조암리 217-14번지
911,수원지동점,경기,수원시,경기 수원시 팔달구 지동 144-7
912,수원천천점,경기,수원시,경기 수원시 장안구 정자동 914 대림진흥상가 101호
913,수원한일타운점,경기,수원시,경기 수원시 장안구 송죽동 73 현광프라자 103
914,수원화서2점,경기도,수원시,"경기도 수원시 팔달구 동말로25번길 96 (화서동,1층)"
915,수유점,서울특별시,강북구,서울특별시 강북구 노해로23길 67 (수유동) 1층
916,순천법원점(까페),전남,순천시,전남 순천시 왕지동 869-1
917,순천오천점,전라남도,순천시,전라남도 순천시 오천7길 28 (오천동) 1층 101호
918,숭실대점,서울,동작구,서울 동작구 상도1동 347
919,스타캐슬PC방점,경기,수원시,경기 수원시 권선구 권선동 1038~1066 1052-8번지 2층(세권로181번길 20-3)
920,시랄라워터파크점(특화)(사변),서울특별시,영등포구,"서울특별시 영등포구 문래로 164 (문래동3가, 영등포  제비 201호, 제비 202호"
921,시즌아이PC방숭실대(취급),서울특별시,동작구,서울특별시 동작구 상도로61길 40 (상도동) 3층 
922,시화정왕2호점,경기도,시흥시,"경기도 시흥시 서촌상가3길 17 (정왕동, 명지프라자) "
923,시화정왕점,경기,시흥시,경기 시흥시 정왕동 1866-6 
924,시화함현마을점,경기,시흥시,경기 시흥시 정왕동 1879-5 
925,시흥대야점,경기도,시흥시,"경기도 시흥시 비둘기공원7길 39 (대야동, 트윈프라자 A-107"
926,시흥목감점(3명변),경기,시흥시,경기 시흥시 논곡동 160-31번지
927,시흥본점,서울특별시,금천구,"서울특별시 금천구 시흥대로 150 (시흥동,지상1층)"
928,시흥신천,경기,시흥시,경기 시흥시 신천동 750-3
929,시흥연성점,경기도,시흥시,경기도 시흥시 장곡로 23 (장곡동) 106호 일부
930,시흥월곶점,경기,시흥시,경기 시흥시 월곶동 1009-2번지 월곶중앙프라자 104호
931,시흥정왕역점,경기도,시흥시,"경기도 시흥시 역전로302번길 9 (정왕동, 정현빌딩) 1층 102호"
932,신길거모점,경기도,안산시,경기도 안산시 단원구 중앙대로 415 (신길동) 105호
933,신길점,서울,영등포구,서울 영등포구 신길1동 463-36
934,신남태준점,강원도,인제군,강원도 인제군 남면 신남로 90 
935,신내점,서울,중랑구,서울 중랑구 신내동 531-11 
936,신당2점,서울,중구,서울 중구 신당동 304-585
937,신대방1점(3명변),서울,동작구,서울 동작구 신대방동 605-11
938,신대부적행운점,경상북도,경산시,경상북도 경산시 대학로 332 (조영동) 1층 101호
939,신도림점,서울,구로구,서울 구로구 신도림동 396-23번지
940,신림3점,서울특별시,관악구,"서울특별시 관악구 남부순환로143길 26 (신림동,1층) "
941,신림점,서울특별시,관악구,"서울특별시 관악구 신림로 122 (신림동,1층)"
942,신매탄점(2),경기도,수원시,"경기도 수원시 영통구 매탄로 142 (매탄동, 양성프라 102호"
943,신사2동점,서울,은평구,서울 은평구 신사동 343-33번지 1층
944,신양정점,부산광역시,부산진구,부산광역시 부산진구 연수로 24 (양정동) 1층
945,신월뉴타운점,서울특별시,양천구,"서울특별시 양천구 신월로15길 7 (신월동,길성아파트상가(107-108))"
946,신월성올리브점,대구광역시,달서구,대구광역시 달서구  조암남로 38 101
947,쌍문중앙점,서울,도봉구,서울 도봉구 쌍문3동 341~342 342-3번지
948,쌍문행복점,서울,도봉구,서울 도봉구 쌍문동 262-2
949,아쿠아리우스리조트점,경상남도,거제시,경상남도 거제시 사등면 거제대로 5697-6 (유원빌리지 
950,안국점,서울특별시,종로구,서울특별시 종로구 창덕궁길 84 (원서동) 
951,안동옥동송현점,경북,안동시,경북 안동시 옥동 789-13
952,안동용상점(올리브치킨),경상북도,안동시,경상북도 안동시 중들4길 11-7 (용상동) 1층
953,안동중앙점,경상북도,안동시,경상북도 안동시 퇴계로 124 (명륜동) 
954,안산고잔1동점,경기,안산시,경기 안산시 단원구 고잔1동 661-4 녹원상가 101호
955,안산고잔금강점,경기도,안산시,"경기도 안산시 상록구 중보로 22 (사동, 늘푸른아파트 늘푸른아파트상가 401동 104호"
956,안산고잔점,경기,안산시,경기 안산시 단원구 고잔2동 670-1 주공7단지 상가 마동 102호
957,안산고잔중앙점,경기도,안산시,"경기도 안산시 단원구 광덕2로 193-11 (고잔동, 창진 109호"
958,안산대부도점,경기도,안산시,경기도 안산시 단원구 대부중앙로 123 (대부동동) 1층일부
959,안산반월점,경기,안산시,경기 안산시 상록구 건건동 645-13 1층
960,안산본오점,경기,안산시,경기 안산시 상록구 본오3동 879-16 신안2차상가 114호
961,안산사동점(cafe),경기,안산시,경기 안산시 상록구 사동 1398-5번지 102호
962,안산선부2점,경기,안산시,경기 안산시 단원구 선부2동 1070-11 동양빌딩101호
963,안산원곡라성점,경기,안산시,경기 안산시 단원구 원곡동 846-4 베스트프라자 1층 120호
964,안산원곡점,경기,안산시,경기 안산시 단원구 원곡동 761-4
965,안산월피점,경기,안산시,경기 안산시 상록구 월피동 436-11
966,안산일동점,경기,안산시,경기 안산시 상록구 일동 85-6번지  1층
967,안산초지점(올리브치킨),경기도,안산시,"경기도 안산시 단원구 초지로 90 (초지동, 태영프라자 "
968,안성금산점,경기,안성시,경기 안성시 금산동 81-2번지 주은아파트상가 b-103
969,안성대덕점,경기도,안성시,경기도 안성시 대덕면 대학9길 16 (부성오피스텔) 1층 C호
970,안성원곡점,경기,안성시,경기 안성시 원곡면 외가천리 265-12
971,안성점,경기,안성시,경기 안성시 아양동 300-1 아양주공상가 103호
972,안성죽산점(펀앤정한마리반)(2),경기도,안성시,경기도 안성시 죽산면 죽주로 290 나동 101호
973,안성청설점(2),경기,안성시,경기 안성시 공도읍 진사리 348-9 청룡프라자 110
974,안양4점,경기도,안양시,경기도 안양시 만안구 냉천로 161 (안양동) 
975,안양관양점,경기,안양시,경기 안양시 동안구 관양동 1387-23 지상1층
976,안양덕천점,경기,안양시,경기 안양시 만안구 안양동 1380 주공뜨란채상가 106호
977,안양비산중앙점,경기,안양시,경기 안양시 동안구 비산1동 497-1번지 1층
978,안양석수점(3명변),경기도,안양시,경기도 안양시 만안구 석수2동 304-23 
979,안양예술공원점,경기도,안양시,경기도 안양시 만안구 예술공원로 73 (안양동) 1층
980,안양인덕원점,경기,안양시,경기 안양시 동안구 관양동 1508-5
981,안양충훈본점,경기,안양시,경기 안양시 만안구 석수3동 764-4번지 1층101호
982,안양평촌1점,경기,안양시,경기 안양시 동안구 평촌동 897-5번지
983,안양평촌향촌점,경기,안양시,경기 안양시 동안구 평촌동 341-1
984,안양호계점,경기,안양시,경기 안양시 동안구 호계동 990-4 1층
985,암사2점,서울,강동구,서울 강동구 천호동 243-18 1층
986,압구정점(올리브치킨),서울특별시,강남구,"서울특별시 강남구 압구정로 309 B동 1층 110호(압구정동, 주구센터)"
987,양구해안점,강원,양구군,강원 양구군 해안면 현리 25-5
988,양산범어신도시점,경상남도,양산시,경상남도 양산시 물금읍 화합4길 11-6 1층
989,양산북정점,경상남도,양산시,"경상남도 양산시 북정중앙로 32 (북정동, GNB영어학원 1층"
990,양산서창점,경상남도,양산시,경상남도 양산시 연호9길 18-2 (삼호동) 
991,양산어곡점,경남,양산시,경남 양산시 어곡동 9-3번지 로얄빌상가 지하 105호
992,양성점,경기,안성시,경기 안성시 양성면 동항리 369
993,양양하조대점(express4),강원도,양양군,강원도 양양군 현북면 하조대1길 54 (토크쇼) 
994,양재점,서울,강남구,"서울 강남구 도곡1동 950-6, 102호"
995,양주고읍점(cafe),경기,양주시,경기 양주시 광사동 657번지 메가시티1층 131
996,양주광적점,경기도,양주시,경기도 양주시 광적면 삼일로 4 103
997,양주덕계점,경기,양주시,경기 양주시 덕계동 456-1
998,양주덕정점,경기도,양주시,"경기도 양주시 회정로109번길 47 (덕정동, 명진빌라) 102(덕정동,A동)"
999,양주신산점,경기도,양주시,경기도 양주시 남면 개나리길 30 (지하 1층)
1000,양주은현점,경기도,양주시,경기도 양주시 은현면 은현로 69 
1001,양주장흥점,경기도,양주시,경기도 양주시 장흥면 가마골로 40-8 우남송추마을아 
1002,양천구청점,서울특별시,양천구,"서울특별시 양천구 목동서로 400 (신정동, 목동10단지 103호,목동10단지A상가)"
1003,양평강상점,경기,양평군,경기 양평군 강상면 병산리 753 101호 
1004,양평개군점,경기,양평군,경기 양평군 개군면 부리 453-47
1005,양평서종점,경기도,양평군,경기도 양평군 서종면 북한강로 769 
1006,양평용문점,경기도,양평군,경기도 양평군 용문면 다문중앙2길 20 1층
1007,양평지평점,경기도,양평군,경기도 양평군 지평면 지평의병로 83 
1008,양평청운점,경기,양평군,경기 양평군 청운면 용두1리 717-7
1009,여수돌산점,전라남도,여수시,전라남도 여수시 돌산읍 강남8길 13 
1010,여수문수점,전남,여수시,전남 여수시 문수동 114-3
1011,여수봉산점,전라남도,여수시,전라남도 여수시 봉산서3길 21 (봉산동) 2층
1012,여수신기행운점,전라남도,여수시,전라남도 여수시 흥국로 91 (신기동) 나동
1013,여수웅천점,전라남도,여수시,전라남도 여수시 웅천7길 11 (웅천동) 
1014,여수학동점,전라남도,여수시,전라남도 여수시 도원로 270 (학동) 104호
1015,여의도역점,서울,영등포구,서울 영등포구 여의도동 35-2 백상빌딩 101호
1016,여의도점,서울특별시,영등포구,"서울특별시 영등포구 국제금융로7길 32 (여의도동,1층3호)"
1017,여주금사점,경기,여주군,경기 여주군 금사면 이포리 185-25
1018,여주대신점,경기도,여주시,경기도 여주시 대신면 여양로 1465-1 
1019,여주대점,경기도,여주군,경기도 여주군 여주읍 세종로 351-6 
1020,역삼점,서울,강남구,서울 강남구 역삼동 836-26
1021,연기보통점,세종특별자치시,연기면,세종특별자치시 연기면 공단로 180-40 (지하1층)
1022,연신내점,서울특별시,은평구,서울특별시 은평구 갈현로 246 (갈현동) 1층 중간호
1023,연희점,서울특별시,서대문구,서울특별시 서대문구 연희로 87 (연희동) 1층
1024,염창점,서울특별시,강서구,서울특별시 강서구 양천로 623 (염창동) 1층
1025,영광홍농점(펀앤정),전남,영광군,전남 영광군 홍농읍 상하리 480-1번지
1026,영동학산점,충북,영동군,충북 영동군 학산면 서산리 817-3
1027,영종하늘도시점,인천광역시,중구,"인천광역시 중구 하늘중앙로195번길 23 (중산동, 하늘 103호"
1028,영종행복점,인천광역시,중구,인천광역시 중구 넙디로 56 101호(운서동) 
1029,영천망정점,경북,영천시,경북 영천시 야사동 132-7
1030,예산광시점,충청남도,예산군,충청남도 예산군 광시면 예당로 165-5 1층
1031,오금점,서울특별시,송파구,"서울특별시 송파구 위례성대로20길 8 (오금동, 광승빌 1층"
1032,오남점,경기도,남양주시,경기도 남양주시 오남읍 진건오남로 698 105
1033,오류2점,서울특별시,구로구,서울특별시 구로구 오류로 54 (오류동)
1034,오목교점,서울,양천구,서울 양천구 목1동 405-350
1035,오산궐동점,경기,오산시,경기 오산시 궐동 626-4 1층
1036,오산시청점(올리브치킨),경기도,오산시,"경기도 오산시 성호대로 123 (오산동, 오산그린프라자 107-1호"
1037,옥수점,서울,성동구,서울 성동구 옥수동 243 2층
1038,옥천점,경기,양평군,경기 양평군 옥천면 옥천리 576번지
1039,옥포점,대구광역시,달성군,대구광역시 달성군 옥포면 돌미상업로1길 25 
1040,옥포점,대구광역시,달성군,대구광역시 달성군 옥포면 돌미상업로1길 25 103호
1041,올림픽점,서울,송파구,서울 송파구 방이동 89-8 올림픽선수기자촌아파트상가 F-101
1042,와수점(펀&정),강원,철원군,강원 철원군 서면 와수리 1141-1번지
1043,와우리점,경기도,화성시,"경기도 화성시 효행로 229-9 (기안동) 기안동, 광도와이드빌상가 102호"
1044,완도고금점,전라남도,완도군,전라남도 완도군 고금면 고금동로 21-1 
1045,완도보길도점(2)(올리브치킨),전남,완도군,전남 완도군 보길면 청병길 10
1046,완도청산점,전남,완도군,전남 완도군 청산면 도청리 943-23번지
1047,완주봉동행운점,전라북도,완주군,전라북도 완주군 봉동읍 둔산1로 116 1층
1048,왕십리행운점,서울특별시,성동구,"서울특별시 성동구 마장로 137 (상왕십리동, 텐즈힐) 403동 1층 121호"
1049,왜관점,경상북도,칠곡군,경상북도 칠곡군 왜관읍 구상길 197 
1050,용답답십리역점(cafe2),서울,성동구,서울 성동구 용답동 56-11번지 1층
1051,용산점,서울,용산구,서울 용산구 용산동5가 24외 1필지 파크타워비14호
1052,용인공세점,경기,용인시,경기 용인시 기흥구 고매동 359 동성아파트 제상가동 102호
1053,용인구갈점(express)(2),경기도,용인시,"경기도 용인시 기흥구 기흥로 18 (구갈동, 길부동산) "
1054,용인구성점,경기,용인시,경기 용인시 기흥구 마북동 409~475 475-1
1055,용인둔전점,경기도,용인시,경기도 용인시 처인구 포곡읍 포곡로 82 (이바돔감자 1층
1056,용인모현외대점,경기,용인시,경기 용인시 처인구 모현면 왕산리 790-7 외 2필지
1057,용인보정점,경기,용인시,경기 용인시 기흥구 보정동 1266-6 현대휴먼프라자 106
1058,용인삼가역점,경기도,용인시,경기도 용인시 처인구 지삼로 610 (삼가동) 제1층
1059,용인상갈점,경기,용인시,경기 용인시 기흥구 상갈동 485-1
1060,용인상현행복점,경기도,용인시,"경기도 용인시 수지구 이현로 115 130(상현동,상현프라자)"
1061,용인서천점,경기도,용인시,경기도 용인시 기흥구 서천서로20번길 2 (서천동) 103호
1062,용인송전점,경기도,용인시,경기도 용인시 처인구 이동면 경기동로687번길 3 재승빌딩1층제1호
1063,용인신갈점,경기도,용인시,"경기도 용인시 기흥구 새천년로26번길 10 103(신갈동,반석프라자)"
1064,용인양지점,경기,용인시,경기 용인시 처인구 양지면 양지리 573-5
1065,용인언남점,경기도,용인시,경기도 용인시 기흥구 구성로 77번길 2(언남동)
1066,용인역북점,경기,용인시,"경기 용인시 처인구 역북동 425-7, 1층"
1067,용인죽전새터점,경기도,용인시,"경기도 용인시 수지구 죽전로 253-3 (죽전동, 경혁프 (죽전동,상생프라자101,102호)"
1068,용인죽전점,경기,용인시,경기 용인시 수지구 죽전동 1261 도담마을우미이노스빌 제상가동 102호
1069,용인천리점,경기,용인시,경기 용인시 처인구 이동면 천리 234-10
1070,용인청덕점,경기,용인시,"경기 용인시 기흥구 청덕동 250-1 호반베르디움상가 106,107호"
1071,용인풍덕천점,경기,용인시,경기 용인시 풍덕천동 750번지
1072,우만점,경기,수원시,경기 수원시 팔달구 우만동 96-6
1073,우면점,서울,서초구,서울 서초구 양재동 111-5 양촌빌딩 1층
1074,우암감만점,부산광역시,남구,"부산광역시 남구 석포로 52-2 (감만동, 마포통구이) 1층"
1075,우이공원점,서울특별시,강북구,서울특별시 강북구 삼양로 685 (우이동) 
1076,우정혁신점,울산광역시,중구,울산광역시 중구 종가4길 15 (유곡동) 오성프라자1층(울산우정혁신도시근생9블럭1-2롯트))
1077,운정2점,경기도,파주시,"경기도 파주시 청암로 14 (목동동, 산내마을8단지) "
1078,운정스타점,경기도,파주시,경기도 파주시 가람로51번길 16-33 (와동동) 
1079,운정한울점,경기도,파주시,"경기도 파주시 한울로 102 (동패동, 한울마을6단지 상 103호"
1080,울릉점,경상북도,울릉군,경상북도 울릉군 울릉읍 울릉순환로 218 
1081,울산구영점,울산,울주군,울산 울주군 범서읍 구영리 807-3번지 3호
1082,울산남창점,울산광역시,울주군,울산광역시 울주군 온양읍 대운길 21 (1층)
1083,울산달동점,울산,남구,울산 남구 달동 640-19번지
1084,울산덕신점,울산광역시,울주군,울산광역시 울주군 온산읍 신온9길 61 1층
1085,울산매곡중산점,울산,북구,울산 북구 매곡동 474-1번지 H프라자 1-109
1086,울산무거점,울산,남구,울산 남구 무거동 1550-5번지
1087,울산반구점,울산광역시,중구,울산광역시 중구 화합로 365 (반구동) 1층(반구동)
1088,울산병영행운점,울산광역시,중구,울산광역시 중구 병영로 17 (남외동) 
1089,울산블루마시티점,울산광역시,북구,울산광역시 북구 산하중앙2로 281 204호(산하동) 
1090,울산삼산점(cafe),울산,남구,울산 남구 달동 1351-1 현우상가 102
1091,울산서부점,울산,동구,울산 동구 서부동 181-49
1092,울산성안혁신점,울산광역시,중구,울산광역시 중구 성안로 156 (성안동) 1층
1093,울산야음점,울산광역시,남구,울산광역시 남구 중앙로48번길 5 (신정동) 
1094,울산언양점,울산광역시,울주군,울산광역시 울주군 언양읍 남문길 27 
1095,울산염포양정점,울산광역시,북구,울산광역시 북구 염포로 669(성원상떼빌) 상가동 108호
1096,울산옥동점,울산광역시,남구,"울산광역시 남구 거마로 9 (옥동) 옥동, 1층"
1097,울산우정점,울산,중구,울산 중구 우정동 436-117번지
1098,울산전하점,울산,동구,울산 동구 전하동 634-5 
1099,울산천상점,울산광역시,울주군,울산광역시 울주군 범서읍 천상중앙길 100-1 
1100,울산호계신천점,울산광역시,북구,울산광역시 북구 호계9길 15 (호계동) 1층
1101,울산화봉연암점,울산광역시,북구,울산광역시 북구 두부곡4길 36 
1102,울산화정점,울산,동구,울산 동구 대송동 140-20
1103,울주삼남점,울산광역시,울주군,울산광역시 울주군 삼남면 중남1길 2-4 
1104,"울진본점(명변,올리브치킨)",경상북도,울진군,경상북도 울진군 울진읍 연호로 27 (BBQ 울진본점) 
1105,울진온정점,경상북도,울진군,경상북도 울진군 온정면 백암온천로 1275 
1106,울진평해점,경상북도,울진군,경상북도 울진군 평해읍 월송정로 143 
1107,웅포베어리버,전북,익산시,전북 익산시 웅포면 웅포리 172-9 3층
1108,원광대점,전라북도,익산시,전라북도 익산시 익산대로 460 (신동) 1층 14호 원광대학교 학생회관
1109,원광대점(올리브카페),전라북도,익산시,"전라북도 익산시 익산대로58길 23 (신동, 피플하우스) "
1110,원주개운점,강원도,원주시,강원도 원주시 단구로 243 (단구동) 
1111,원주관설점(BBQ+닭2),강원,원주시,강원 원주시 관설동 1455-5번지 1층
1112,원주구곡점,강원도,원주시,강원도 원주시  늘품로 45 늘품로 46
1113,원주단계점,강원도,원주시,강원도 원주시 백간공원길 16-2 (단계동) 1층
1114,원주명륜점(2),강원,원주시,강원 원주시 명륜동 824-4번지
1115,원주무실점,강원,원주시,강원 원주시 무실동 1714번지 103호
1116,원주봉산점,강원,원주시,강원 원주시 봉산동 1048-3
1117,원주우산점(Express)(2),강원도,원주시,강원도 원주시 우산로 45 (우산동) 지상1층
1118,원주태장점,강원도,원주시,강원도 원주시 흥양로18번길 35 (태장동) 1층 101호
1119,원주혁신도시점,강원도,원주시,"강원도 원주시 입춘로 73 (반곡동) 1층 108호(반곡동, 채움빌딩)"
1120,원주흥업점,강원도,원주시,강원도 원주시 흥업면 남원로 85 
1121,원평스타점,경북,구미시,경북 구미시 원평동 77-60 청산빌라 103호
1122,원효로점,서울,용산구,서울 용산구 원효로4가 118-3 영천빌딩1층
1123,월피공원점,경기도,안산시,"경기도 안산시 상록구 예술광장1로 22 (월피동, 안산 1층 104"
1124,위례점,경기도,성남시,"경기도 성남시 수정구 위례광장로 41 (창곡동) 1층 113호(창곡동,지엠프라자)"
1125,위례중앙2호점,경기도,성남시,"경기도 성남시 수정구 위례광장로 310 (창곡동, 우성 "
1126,위례중앙본점,경기도,성남시,"경기도 성남시 수정구 위례광장로 311 (창곡동, 위례3 상가동 2층 205호"
1127,은평뉴타운점(Cafe),서울,은평구,서울 은평구 진관동 25 은평뉴타운구파발918동상가101호
1128,음성대소점,충청북도,음성군,충청북도 음성군 대소면 오태로137번길 5-12 
1129,응암점,서울,은평구,서울 은평구 응암동 104-36 1층
1130,의성행복점,경북,의성군,경북 의성군 의성읍 중앙길 84
1131,의왕갈뫼점,경기,의왕시,경기 의왕시 내손동 812-1
1132,의왕고천점,경기,의왕시,경기 의왕시 오전동 387-2번지
1133,의왕내손점,경기,의왕시,경기 의왕시 내손동 652-15
1134,의왕오전점,경기,의왕시,경기 의왕시 오전동 104-10
1135,의정부가능점,경기,의정부시,경기 의정부시 가능1동 667-20
1136,의정부신곡점,경기도,의정부시,"경기도 의정부시 금신로 323 (신곡동, 대영프라자빌딩 1층 108호"
1137,의정부용현점,경기,의정부시,경기 의정부시 용현동 39-26
1138,의정부점,경기,의정부시,경기 의정부시 의정부동 221-57 
1139,의정부호원점,경기도,의정부시,경기도 의정부시 평화로190번길 5 (호원동) 2층
1140,이문동점,서울,동대문구,서울 동대문구 휘경동 183-386 나호
1141,이천마장점,경기,이천시,경기 이천시 마장면 오천로 12
1142,이천부발점,경기,이천시,경기 이천시 부발읍 무촌리 224-2 1층
1143,이천송정점,경기,이천시,"경기 이천시 송정동 375-2,9 금정프라자 1동 B103호"
1144,이천신둔점,경기도,이천시,경기도 이천시 경충대로2996번길 54 (사음동) 
1145,이천중리점,경기도,이천시,경기도 이천시 경충대로2586번길 31 (중리동) 
1146,이천증포점,경기도,이천시,경기도 이천시 아리역로 25 (증포동) 
1147,이천호법점,경기,이천시,경기 이천시 호법면 후안리 254-3
1148,이촌점,서울,용산구,"서울 용산구 이촌로75길 10-7,105 "
1149,익산동산점,전라북도,익산시,"전라북도 익산시 서동로 126 (동산동, 탐나왕족발) "
1150,익산모현점,전라북도,익산시,"전라북도 익산시 선화로6길 40-7 (모현동1가, 비젼빌 "
1151,인제원통점,강원도,인제군,강원도 인제군 북면 원통로 179-1 
1152,인창점,경기,구리시,경기 구리시 인창동 640-1
1153,인천가좌점,인천광역시,서구,인천광역시 서구 건지로348번길 27 (가좌동) 102호
1154,인천간석역점,인천,남동구,인천 남동구 간석4동 390-14
1155,인천간석점,인천,남동구,인천 남동구 간석3동 34-20번지
1156,인천계산3점,인천,계양구,인천 계양구 계산2동 916-5
1157,인천계산점,인천광역시,계양구,인천광역시 계양구 용종로 2 
1158,인천구월2점,인천,남구,인천 남구 주안동 1554-3번지
1159,인천구월점,인천광역시,남동구,"인천광역시 남동구 성리로35번길 20-1 (구월동,1층2호 "
1160,인천구월캐슬점,인천,남동구,인천 남동구 구월동 24 롯데캐슬골드상가 201
1161,인천논현2점,인천,남동구,인천 남동구 논현동 616-1 논현프라자 108
1162,인천논현점,인천광역시,남동구,"인천광역시 남동구 호구포로 212 (논현동,대양프라자1층102호)"
1163,인천단봉오류점,인천광역시,서구,"인천광역시 서구 봉화로 18 (왕길동, 드림파크 어울림 209동 101호"
1164,인천당하점(express2)(2),인천광역시,서구,"인천광역시 서구 청마로167번안길 17 (당하동, 선혜프 115호"
1165,인천동양점,인천광역시,계양구,"인천광역시 계양구 당미길 43 (동양동, 외 13필지 동 "
1166,인천동춘점,인천광역시,연수구,"인천광역시 연수구 앵고개로254번길 19-6 (동춘동, 1층일부(1호))"
1167,인천마전점,인천,서구,인천 서구 마전동 608-2번지 1층상가
1168,인천만수2점,인천,남동구,인천 남동구 만수5동 912-12 
1169,인천만수점,인천,남동구,인천 남동구 만수동 1024-6
1170,인천문학점,인천광역시,남구,인천광역시 남구 매소홀로 550-2 (문학동)
1171,인천부개점,인천,부평구,인천 부평구 부개동 124-35번지  1층
1172,인천산곡점,인천,부평구,인천 부평구 산곡4동 137-13  혜성프라자103호
1173,인천산곡행운점,인천광역시,부평구,인천광역시 부평구 원적로 291 (산곡동) 1층
1174,인천서구청점,인천광역시,서구,인천광역시 서구 승학로 310 (연희동) 1층
1175,인천서창점,인천,남동구,인천 남동구 서창동 565-6 1층일부(102호)
1176,인천선학점,인천광역시,연수구,"인천광역시 연수구 선학로 101 (선학동, 뉴서울아파트 117호"
1177,인천신현점,인천,서구,인천 서구 신현동 278~295 280-4
1178,인천연수점,인천,연수구,인천 연수구 동춘동 925번지 한양1차상가 105호
1179,인천영흥점,인천광역시,옹진군,"인천광역시 옹진군 영흥면 영흥로 158 101호,102호"
1180,인천용현점,인천,남구,인천 남구 용현동 556-58 101호 
1181,인천인하대점,인천,남구,"인천 남구 용현동 35-7, 1층"
1182,인천작전2점,인천,계양구,인천 계양구 작전동 64-1 삼보아파트상가 A-106
1183,인천작전역점,인천,계양구,인천 계양구 작전동 871-60 1층 4호
1184,인천제물포점,인천,남구,인천 남구 숭의4동 1-64
1185,인천주안북부점,인천,남구,인천 남구 주안동 14-51 1층
1186,인천주안점,인천,남구,인천 남구 주안동 88-3번지
1187,인천청라점,인천,서구,인천 서구 연희동 796-13 중흥클래스 2차상가 101호
1188,인천효성점,인천광역시,계양구,"인천광역시 계양구 효서로 182 (효성동, 풍림아파트) 상가동 106호"
1189,인하대역점,인천광역시,남구,"인천광역시 남구 독배로 311 (용현동, 비젼프라자) 1층 101호"
1190,일산가좌점,경기,고양시,경기 고양시 일산서구 가좌동 393-4 1층일부
1191,일산대화마을점,경기,고양시,"경기 고양시 일산서구 대화동 1~1994 1580, 한라아파트상가동 107~108호"
1192,일산문촌점,경기,고양시,"경기 고양시 일산서구 주엽동 18번지 자유프라자 108,109호"
1193,일산백마점(Cafe),경기,고양시,경기 고양시 일산동구 마두동 908 외1필 정발빌딩 1층 101호
1194,일산백석역점(2),경기,고양시,경기 고양시 일산동구 백석동 1318번지 일산비잔티움1단지상가 106호
1195,일산백송점,경기도,고양시,"경기도 고양시 일산동구 백석로 177 101(백석동, 백송마을임광상가)"
1196,일산식사지구점,경기도,고양시,경기도 고양시 일산동구 위시티4로 79 위시티일산블루 203
1197,일산원마운트점,경기도,고양시,"경기도 고양시 일산서구 한류월드로 300 (대화동,원마운트1층,1251호)"
1198,일산중산행운점,경기도,고양시,"경기도 고양시 일산동구 탄중로 426 (중산동, 중산마 107호"
1199,일산중산행운점,경기도,고양시,"경기도 고양시 일산동구 탄중로 426 (중산동, 중산마 중산동,중산마을1층"
1200,일산탄현점(1명변),경기,고양시,경기 고양시 일산서구 탄현동 1491-5번지 1층
1201,일산하늘마을점,경기도,고양시,"경기도 고양시 일산동구 하늘마을로 76  101(중산동,하늘마을제상가동)"
1202,일산후곡점,경기도,고양시,"경기도 고양시 일산서구 강선로 141 (일산동, 후곡마 후곡마을 16단지 아파트 상가 119호"
1203,일원삼성점,서울,강남구,서울 강남구 수서동 747  삼성아파트상가
1204,입장하장리점,충청남도,천안시,충청남도 천안시 서북구 입장면 입장로 146 1층
1205,자곡행운점,서울특별시,강남구,"서울특별시 강남구 자곡로 191 (자곡동, 강남푸르지오 B05호"
1206,자양3점,서울특별시,광진구,"서울특별시 광진구 능동로 49 (자양동,1층)"
1207,잠실선수촌점,서울,송파구,서울 송파구 잠실본동 313-9번지 1층
1208,잠실스타점,서울,송파구,서울 송파구 신천동 11 장미씨상가동1층 112호
1209,잠실신천점,서울,송파구,서울 송파구 잠실본동 233 번지  1층
1210,잠실파크리오점,서울,송파구,서울 송파구 신천동 20-6 파크리오B상가 1층 105
1211,잠원점(올리브카페),서울특별시,서초구,"서울특별시 서초구 나루터로 69 (잠원동, 샤르망) 104호"
1212,장성상무대점,전라남도,장성군,전라남도 장성군 삼계면 사창로 57 
1213,장호원행복점,경기도,이천시,경기도 이천시 장호원읍 샘재로147번길 7 
1214,적성점(3명변),경기,파주시,경기 파주시 적성면 마지리 46-6번지
1215,전곡점,경기,연천군,경기 연천군 전곡읍 전곡리 468-4
1216,전남곡성점,전라남도,곡성군,전라남도 곡성군 곡성읍 군청로 14 
1217,전남광영점,전남,광양시,전남 광양시 광영동 784-14
1218,전남구례화엄사점,전남,구례군,전남 구례군 마산면 황전리 842-17
1219,전남남부점,전남,순천시,전남 순천시 장천동 85-81 101호(1층)
1220,전남대불점,전남,영암군,전남 영암군 삼호읍 용앙리 1661-6
1221,전남대정문점,광주광역시,북구,광주광역시 북구 자미로66번길 8 (신안동) 1층
1222,전남미평점,전라남도,여수시,전라남도 여수시  대학로 27 
1223,전남벌교점,전라남도,보성군,전라남도 보성군 벌교읍 채동선로 223 1층
1224,전남보성점(express),전남,보성군,전남 보성군 보성읍 우산리 631-1 보성우산주공아파트 1층102호
1225,전남순천금당점,전남,순천시,전남 순천시 해룡면 상삼리 614-4
1226,전남순천연향2점,전남,순천시,전남 순천시 연향동 1613-2
1227,전남연향점,전라남도,순천시,"전라남도 순천시 연향번영4길 30 (연향동, 좋은친구들 1층"
1228,전남영광점,전라남도,영광군,전라남도 영광군 영광읍 신남로 216 
1229,전남영암삼호점,전라남도,영암군,전라남도 영암군 삼호읍 신항로 135-29 
1230,전남완도명사십리점,전라남도,완도군,전라남도 완도군 신지면 명사십리길 71-3 
1231,전남완도점,전남,완도군,전남 완도군 완도읍 군내리 782-79번지
1232,전남장흥점,전라남도,장흥군,전라남도 장흥군 장흥읍 장흥로 16 
1233,전남장흥점(올리브카페),전라남도,장흥군,전라남도 장흥군 장흥읍 장흥대로 3482 (월정빌딩) 1층
1234,전남조례점,전라남도,순천시,전라남도 순천시 봉화2길 71 (조례동)
1235,전남진도점,전라남도,진도군,전라남도 진도군 진도읍 남문길 42-2 
1236,전남화순점,전라남도,화순군,"전라남도 화순군 화순읍 중앙로 93, 1층 "
1237,전농점 Cafe,서울,동대문구,서울 동대문구 전농동 38-18
1238,전북도청점,전북,전주시,전북 전주시 완산구 효자동2가 1157-1 137호동
1239,전북봉동3공단점,전라북도,완주군,전라북도 완주군 봉동읍 봉동로 326 
1240,전북순창점,전라북도,순창군,전라북도 순창군 순창읍 옥천로 42 
1241,전북혁신점,전라북도,전주시,전라북도 전주시 완산구 오공로 43-22 (중동) 108호
1242,전주금암점,전라북도,전주시,"전라북도 전주시 덕진구 조경단로 104 (금암동, 아가 1층"
1243,전주동산반월점,전북,전주시,전북 전주시 덕진구 반월동 422-28
1244,전주삼천점,전북,전주시,전북 전주시 완산구 삼천동1가 657-8
1245,전주서신점,전라북도,전주시,"전라북도 전주시 완산구 여울로 109-9 (서신동, 엘지 제상가동 1층 102호(서신동)"
1246,전주송천점,전라북도,전주시,전라북도 전주시 덕진구 오송1길 15 (송천동1가) 103호
1247,전주신도시점,전북,전주시,전북 전주시 완산구 효자동2가 1327-4
1248,전주아중점,전라북도,전주시,전라북도 전주시 덕진구 한배미로 16 (인후동1가)
1249,전주평화점,전북,전주시,전북 전주시 완산구 평화동1가 729-6
1250,전주하가지구점,전라북도,전주시,전라북도 전주시 덕진구 가리내5길 16 (덕진동2가) 
1251,정관신도시점,부산,기장군,부산 기장군 정관면 모전2길 22
1252,정남점,경기,화성시,경기 화성시 정남면 괘랑리 1051-1 번지
1253,정릉중앙점,서울,성북구,서울 성북구 정릉동 587번지 정릉꿈의그린 2단지 상가
1254,정릉풍림스타점,서울특별시,성북구,"서울특별시 성북구 솔샘로25길 20 (정릉동, 정릉풍림 "
1255,정릉행복점,서울특별시,성북구,서울특별시 성북구 보국문로 83-1 (정릉동) 1층 (주)엘와이에프앤비
1256,정왕본동점,경기도,시흥시,경기도 시흥시 정왕시장길 25 (정왕동) 1층 102호
1257,정읍상동행운점,전라북도,정읍시,"전라북도 정읍시 충정로 16 (상동, 내장산빌딩) "
1258,정자영화점,경기도,수원시,"경기도 수원시 장안구 장안로 52-1 (영화동, 음악자녀 1층"
1259,제주김만덕점(올리브치킨),제주,제주시,"제주 제주시 건입동 산지로 5,1층"
1260,제주남광점,제주특별자치도,제주시,제주특별자치도 제주시 오복4길 14 (이도이동) 
1261,제주남광점,제주특별자치도,제주시,제주특별자치도 제주시 오복4길 14 (이도이동) .
1262,제주남원점,제주특별자치도,서귀포시,제주특별자치도 서귀포시 남원읍 태위로679번길 12-1 
1263,제주담모라리조트점,제주특별자치도,서귀포시,제주특별자치도 서귀포시 안덕면 사계리 745 
1264,제주도남점,제주특별자치도,제주시,제주특별자치도 제주시 도남로 21-1 (도남동) 
1265,제주봉개점,제주특별자치도,제주시,제주특별자치도 제주시 번영로 458 (봉개동) 1층
1266,제주서귀일호점,제주,서귀포시,제주 서귀포시 서귀동 279-7
1267,제주서홍점,제주특별자치도,서귀포시,제주특별자치도 서귀포시 중앙로 199 (서홍동) 상가동 4호
1268,제주성산점,제주특별자치도,서귀포시,제주특별자치도 서귀포시 성산읍 고성오조로 71-1 
1269,제주신연동점,제주,제주시,제주 제주시 연동 1496번지 연화1로
1270,제주연동점,제주,제주시,제주 제주시 연동 285-9
1271,제주영어교육도시점,제주,서귀포시,제주 서귀포시 대정읍 보성리 2372-2번지
1272,제주용담점,제주특별자치도,제주시,제주특별자치도 제주시 용담로 92 (용담이동) 
1273,제주인제점,제주,제주시,제주 제주시 일도2동 355-9
1274,제주일도점(4),제주,제주시,제주 제주시 일도2동 100-5번지
1275,제주평화로점,제주특별자치도,제주시,제주특별자치도 제주시 애월읍 평화로 2157 상가-5(프시케월드1층)
1276,제주함덕점,제주,북제주군,제주 북제주군 조천읍 함덕리 1252-2
1277,제주협재점,제주특별자치도,제주시,제주특별자치도 제주시 한림읍 협재1길 44 1층
1278,제주화북점(올리브치킨),제주특별자치도,제주시,제주특별자치도 제주시 일주동로 197 (화북일동) 1층
1279,제천장락점(CAFE),충북,제천시,충북 제천시 장락동 431-38 1층 103
1280,조치원점,세종특별자치시,조치원읍,세종특별자치시 조치원읍 섭골길 20 1동 1층상가
1281,종로3가점,서울,종로구,서울 종로구 낙원동 150-1 파고다빌딩 1층
1282,종암1동점(cafe),서울,성북구,서울 성북구 종암동 84-39번지 1층
1283,중계은행점,서울,노원구,서울 노원구 중계동 366-10 중원코아빌딩 1층 105
1284,중계중앙점,서울,노원구,서울 노원구 중계동 360-15 건영A상가 107
1285,중랑역점,서울특별시,중랑구,"서울특별시 중랑구 중랑천로12길 45 (상봉동, 지앤지 2층"
1286,증산신도시점,경남,양산시,경남 양산시 물금읍 가촌리 1280-4 나래메트로 D동 109호
1287,지산행복점,대구광역시,수성구,대구광역시 수성구 지산로3길 69 (지산동) 
1288,지산행복점,대구광역시,수성구,대구광역시 수성구 지산로3길 69 (지산동) 
1289,지현예성점,충청북도,충주시,충청북도 충주시 예성로 60-1 (지현동) 
1290,직산삼은점,충청남도,천안시,충청남도 천안시 서북구 직산읍 삼은3길 32 
1291,진월효덕점,광주광역시,남구,광주광역시 남구 화산로31번길 23 (진월동) 1층 103호(효우빌딩)
1292,진접택지점(cafe),경기,남양주시,경기 남양주시 진접읍 금곡리 1081-1번지
1293,진주망경점,경남,진주시,경남 진주시 망경동 69-54
1294,진주문산점,경상남도,진주시,경상남도 진주시 문산읍 월아산로 1089 1층
1295,진주상봉점,경남,진주시,경남 진주시 상봉동 802-1
1296,진주이현점,경남,진주시,경남 진주시 이현동 115-5
1297,진주일반성점,경남,진주시,경남 진주시 일반성면 창촌리 645-5
1298,진주초전점(2)(Express),경상남도,진주시,경상남도 진주시 초전북로61번길 6-5 (초전동) 1층
1299,진주충무공점,경상남도,진주시,"경상남도 진주시 충의로 20-17 (충무공동, 가온누리) 107호"
1300,진주칠암점,경상남도,진주시,경상남도 진주시 진주대로 828 (주약동)
1301,진주하대점,경상남도,진주시,경상남도 진주시 도동로 189 
1302,진천덕산점,충북,진천군,충북 진천군 덕산면 용몽리 588
1303,진천이월점,충북,진천군,충북 진천군 이월면 송림리 441-39
1304,진해자은점,경남,진해시,경남 진해시 자은동 911 성원아파트상가 105
1305,진해자은점(N)(express)(2),경상남도,창원시,"경상남도 창원시 진해구 냉천로 106 (자은동, 성원아 상가동 105호"
1306,진해제덕점,경상남도,창원시,경상남도 창원시 진해구 제덕로179번길 7 3동 1층
1307,진해풍호점,경남,창원시,경남 창원시 진해구 풍호동 305-8 마린푸르지오 상가 
1308,창동본점,서울특별시,도봉구,서울특별시 도봉구 마들로11가길 15 (창동) 109호
1309,창동점,서울특별시,도봉구,"서울특별시 도봉구 도봉로136가길 73 (창동, 북한산한 104-106(창동,북한산한신휴플러스)"
1310,창신점,서울,종로구,서울 종로구 창신동 22-3 1층
1311,창원남양점,경상남도,창원시,경상남도 창원시 성산구 가양로 90 (남양동) 1층
1312,창원내동점,경남,창원시,경남 창원시 내동 454-5 엑스포상가 108호
1313,창원대방점,경남,창원시,경남 창원시 성산구 대방동 331~360 355 성원3차상가1층131호
1314,창원도계점,경상남도,창원시,"경상남도 창원시 의창구 도계로60번길 7 (도계동, 트 "
1315,창원반송점,경남,창원시,경남 창원시 성산구 반림동 41 2층 208호
1316,창원사파점,경남,창원시,경남 창원시 사파동 137-1 1층
1317,창원상남점,경남,창원시,경남 창원시 상남동 49-1 명성상가 102
1318,창원상남점(express)(4),경상남도,창원시,"경상남도 창원시 성산구 동산로72번길 16 (상남동, 명 1층 103호"
1319,창원시티7점,경상남도,창원시,"경상남도 창원시 의창구 원이대로 332 (대원동, 더시 상업시설동1층 G-125호"
1320,창원신촌점,경남,창원시,경남 창원시 신촌동 22-1 양곡상가 가동 101-2호
1321,창원용호점,경상남도,창원시,경상남도 창원시 의창구 창이대로478번길 16-21 (용호동)
1322,창원이동점,경상남도,창원시,"경상남도 창원시 진해구 해원로 34 (이동, 예일빌딩) 102호"
1323,창원중앙점,경상남도,창원시,"경상남도 창원시 성산구 용지로121번길 8 (중앙동, 옥 1층"
1324,창원팔용점,경상남도,창원시,경상남도 창원시 의창구 사화로 62 (팔용동) 1층
1325,창전점,서울특별시,마포구,"서울특별시 마포구 서강로14길 5 (노고산동,1층)"
1326,천안두정점,충청남도,천안시,"충청남도 천안시 서북구 두정중7길 46 (두정동, 한성 1층 101 2호"
1327,천안목천점,충청남도,천안시,충청남도 천안시 동남구 목천읍 충절로 767 102
1328,천안병천점,충청남도,천안시,충청남도 천안시 동남구 병천면 아우내장터3길 2 
1329,천안신불당점(올리브카페),충청남도,천안시,충청남도 천안시 서북구 불당32길 24 (불당동) 102호
1330,천안신불당펜타포트점(올리브카페),충청남도,천안시,충청남도 천안시 서북구 공원로 205 (불당동) 
1331,천안차암점(올리브치킨),충청남도,천안시,충청남도 천안시 서북구 3공단6로 58-5 (차암동) 1층 120호
1332,천안청당점,충청남도,천안시,충청남도 천안시 동남구 청수7로 3-1 (청당동) 1층
1333,천안통정지구점,충청남도,천안시,"충청남도 천안시 동남구 통정3로 68 (신방동, 신방한 상가동 1층 103호"
1334,천왕역점,서울특별시,구로구,"서울특별시 구로구 오류로 30 (오류동, 천왕연지타운1 "
1335,천호점,서울,강동구,서울 강동구 천호3동 169-35
1336,철산본점,경기도,광명시,"경기도 광명시 시청로 124 ,103(철산동1층)"
1337,철원동송점,강원,철원군,강원 철원군 동송읍 이평리 680-59
1338,청계목대점(펀앤정),전남,무안군,전남 무안군 청계면 도림리 311-19
1339,청담점,서울특별시,강남구,서울특별시 강남구 도산대로72길 28 (청담동) 지층(청담동)
1340,청라타워점,인천광역시,서구,"인천광역시 서구 청라커낼로260번길 7-19 (경서동,청라에이스프라자107호)"
1341,청원강내점,충북,청원군,충북 청원군 강내면 태성탑연로 448-32
1342,청원부용점(펀앤정),충청북도,진천군,충청북도 진천군 덕산면 초금로 753 
1343,청주금천점,충북,청주시,충북 청주시 상당구  금천동 303
1344,청주복대점,충북,청주시,충북 청주시 흥덕구 복대동 2277번지
1345,청주봉명점,충청북도,청주시,충청북도 청주시 흥덕구 1순환로512번길 39 (봉명동) 1층
1346,청주분평점,충북,청주시,충북 청주시 흥덕구 분평동 1405
1347,청주사직점,충청북도,청주시,충청북도 청주시 흥덕구 창직로29번길 30 (사창동) 
1348,청주산남중앙점,충청북도,청주시,충청북도 청주시 서원구 두꺼비로45번길 18 (산남동) 1층 101호(산남푸르지오)
1349,청주율량점,충청북도,청주시,"충청북도 청주시 청원구 율봉로176번길 55 (율량동,  "
1350,청주풍광점,충청북도,청주시,충청북도 청주시 흥덕구 풍산로47번길 57 (가경동) 1층
1351,청주하복대점,충청북도,청주시,"충청북도 청주시 흥덕구 짐대로 6 (복대동, 벽산아파 101호"
1352,총신대점,서울,동작구,서울 동작구 사당5동 217-2번지
1353,추자점,제주특별자치도,제주시,제주특별자치도 제주시 추자면 추자로 14-4 
1354,춘천강북점(올리브치킨),강원도,춘천시,강원도 춘천시 충열로16번길 21-20 (우두동) 1층
1355,춘천거두점,강원도,춘천시,강원도 춘천시 동내면 거두택지길 10 1층
1356,춘천봄내행운점(올리브치킨),강원도,춘천시,강원도 춘천시 퇴계로 221 (석사동) 
1357,춘천석사점,강원,춘천시,강원 춘천시 퇴계동 971-2번지  1층
1358,춘천애막골점,강원도,춘천시,강원도 춘천시 우석로85번길 20-6 (석사동) 
1359,춘천온의점,강원,춘천시,강원 춘천시 온의동 650-30
1360,춘천후평시장점,강원도,춘천시,강원도 춘천시 춘천로296번길 6 (후평동) 
1361,충남당진점,충남,당진군,충남 당진군 당진읍 채운리 250-20 1층
1362,충남대산점,충남,서산시,충남 서산시 대산읍 대산리 119번지 대산종합상가내
1363,"충남동대점(타변,올리브카페)",충청남도,보령시,충청남도 보령시 작은오랏3길 7 (동대동) 
1364,충남둔포점,충남,아산시,충남 아산시 둔포면 둔포리 415-14
1365,충남배방점,충남,아산시,충남 아산시 배방면 공수리 65-4
1366,충남부여점,충청남도,부여군,충청남도 부여군 부여읍 월함로 9 
1367,충남서산석남점,충남,서산시,충남 서산시 석림동 673-9
1368,충남서산예천점,충남,서산시,충남 서산시 예천동 665-7
1369,충남서산점,충남,서산시,충남 서산시 동문동 59-33
1370,충남석문점,충남,당진군,충남 당진군 석문면 삼봉리 853-21
1371,충남송산점,충청남도,당진시,충청남도 당진시 송산면 송산로 783 103(현대빌딩1층102호)
1372,충남송악점,충남,당진군,충남 당진군 송악면 기지시리 153-30
1373,충남신창점,충청남도,아산시,충청남도 아산시 신창면 온천대로 820 
1374,충남아산인주점,충남,아산시,충남 아산시 인주면 밀두리 137-2
1375,충남예산점,충남,예산군,충남 예산군 예산읍 주교리 349-3번지
1376,충남웅천점,충청남도,보령시,충청남도 보령시 웅천읍 장터중앙길 133-11 (한창약국 
1377,충남장항점,충청남도,서천군,충청남도 서천군 장항읍 성주로 1 
1378,충남청양점,충청남도,청양군,충청남도 청양군 청양읍 중앙로 84 
1379,충남태안남문점,충청남도,태안군,충청남도 태안군 태안읍 중앙로 40-1 
1380,충남홍성본점,충남,홍성군,충남 홍성군 홍성읍 오관리 552-3번지 
1381,충북광혜원점,충북,진천군,충북 진천군 광혜원면 광혜원리 419~650 529-65
1382,충북괴산점,충북,괴산군,충북 괴산군 괴산읍 동부리 646-3
1383,충북노은점,충청북도,충주시,충청북도 충주시 노은면 연하중앙길 41 
1384,충북단양점,충북,단양군,충북 단양군 단양읍 도전리 179번지
1385,충북보은점,충청북도,보은군,충청북도 보은군 보은읍 보은로 120 
1386,충북영동점(펀&정),충북,영동군,충북 영동군 영동읍 계산리 695-7번지
1387,충북오창과학단지점,충청북도,청주시,충청북도 청주시 청원구 오창읍 구룡2길 67-3 
1388,충북옥산점,충청북도,청원군,충청북도 청원군 옥산면 청주역로 651-1 
1389,충북옥천점,충청북도,옥천군,충청북도 옥천군 옥천읍 문장로 31 (2층 201호)
1390,충북음성삼성점,충청북도,음성군,충청북도 음성군 삼성면 대성로 625 
1391,충북음성점,충북,음성군,충북 음성군 음성읍 읍내리 479-13
1392,충북증평점,충북,증평군,충북 증평군 증평읍 신동리 15번지
1393,충북혁신도시점,충청북도,음성군,충청북도 음성군 맹동면 원중로 1404 미래빌딩
1394,충정로점,서울,서대문구,서울 서대문구 충정로3가 3-96 1층
1395,충주목행점,충북,충주시,충북 충주시 목행동 536번지
1396,충주산척점,충청북도,충주시,충청북도 충주시 산척면 동산로 735 
1397,충주앙성점,충청북도,충주시,충청북도 충주시 앙성면 가곡로 1032 
1398,충주용산점,충청북도,충주시,충청북도 충주시 금봉8길 1 (용산동) 
1399,충주용산점(express)(4),충청북도,충주시,충청북도 충주시 금봉8길 1 (용산동) 
1400,충주칠금점,충청북도,충주시,"충청북도 충주시 금릉로 48 (칠금동, 상가동) 105호"
1401,칠곡학정점,대구광역시,북구,대구광역시 북구 칠곡중앙대로118길 20 (읍내동) 104호
1402,태백장성점,강원,태백시,강원 태백시 장성동 150-13번지 4/1
1403,태안안면점,충청남도,태안군,충청남도 태안군 안면읍 장터로 114-20 
1404,태안원북점,충청남도,태안군,충청남도 태안군 원북면 원이로 831-1 
1405,테스트매장,대구,달서구,대구 달서구 월성동 270-1 주공4단지상가 가-106호
1406,통영도천점,경상남도,통영시,"경상남도 통영시 도천상가안길 73 (도천동, 신한토탈 114호"
1407,통영북신점,경상남도,통영시,경상남도 통영시 장골로 25 (북신동) 지하2층 206호(북신동)
1408,통영안정점,경상남도,통영시,경상남도 통영시 광도면 안정1길 55 (통영현대성우오 101호 2단지 상가(현대성우오스타)
1409,파인타운점,서울특별시,송파구,"서울특별시 송파구 새말로6길 49 (문정동, 석재빌) 1층"
1410,파주문산점,경기도,파주시,경기도 파주시 문산읍 독산로 41-1 1층
1411,파주야당점,경기도,파주시,경기도 파주시 경의로 1070 (야당동) 
1412,파주운정점,경기도,파주시,"경기도 파주시 미래로 562 (와동동, 가람마을9단지남 "
1413,파주LCD점,경기,파주시,경기 파주시 탄현면 금승리 11번지 102호
1414,평내1점,경기도,남양주시,"경기도 남양주시 평내로29번안길 34 ,101(평내동,모던빌)"
1415,평산행복점,대구,서구,대구 서구 평리동 721-10
1416,평택고덕태평점,경기,평택시,경기 평택시 고덕면 궁리 72-1번지 외 1필지
1417,평택동삭점,경기도,평택시,경기도 평택시 서재로 43 (동삭동) 101호
1418,평택세교점(cafe),경기,평택시,경기 평택시 세교동 567-16번지
1419,평택용이점,경기,평택시,경기 평택시 용이동 464-6 101호 
1420,평택이충점,경기도,평택시,경기도 평택시 추담로 58-78 (장안동) 2동 2층 202호
1421,평택칠원점,경기,평택시,경기 평택시 칠원동 39-9
1422,평택팽성점,경기도,평택시,경기도 평택시 팽성읍 부용로 31 1층 101호(국제빌딩)
1423,평택포승점,경기도,평택시,경기도 평택시 포승읍 포승공단순환로 403 삼부르네상 상가-110
1424,포천가산점,경기도,포천시,경기도 포천시 가산면 선마로 238 
1425,포천경복대점,경기도,포천시,경기도 포천시 신북면 신평로 168 
1426,포천관인점,경기도,포천시,경기도 포천시 관인면 탄동1길 8 
1427,포천운천점(올리브카페),경기도,포천시,경기도 포천시 영북면 운천로9번길 5 1층
1428,포천이동점(펀&정),경기,포천시,경기 포천시 이동면 장암리 510-1번지
1429,포천일동점,경기,포천시,경기 포천시 일동면 기산리 91-151
1430,포항용흥점,경상북도,포항시,경상북도 포항시 북구 새마을로 68 (용흥동) 101호
1431,포항원리행운점,경상북도,포항시,경상북도 포항시 남구 오천읍 남원로 86-15 (포항원동 2동 1층 101호
1432,포항유강점,경북,포항시,경북 포항시 남구 연일읍 유강리 7블럭 1-2롯트
1433,포항장량본점,경상북도,포항시,"경상북도 포항시 북구 양덕로 60 (양덕동, 풍림아이원 1층 109호"
1434,포항장량점,경상북도,포항시,경상북도 포항시 북구 법원로 175 (양덕동) 1층 104호
1435,포항중앙점(올리브카페),경상북도,포항시,경상북도 포항시 남구 축항로 14 (해도동) 1층
1436,포항흥해점,경상북도,포항시,경상북도 포항시 북구 흥해읍 도음로 901 
1437,하남점,경기,하남시,경기 하남시 신장동 96-3
1438,하남중앙점,경기,하남시,경기 하남시 신장1동 446-12
1439,하남풍산행복점,경기,하남시,경기 하남시 덕풍3동 811-3
1440,하대원점,경기,성남시,경기 성남시 중원구 하대원동 132 
1441,하소왕암점,충청북도,제천시,충청북도 제천시 소새로1길 37 (왕암동) 
1442,하월곡점,서울,성북구,서울 성북구 하월곡동 230 동일하이빌 뉴시티 136호
1443,한강센트럴자이점(올리브카페),경기도,김포시,"경기도 김포시 태장로 845 (장기동, 한강센트럴자이1 101호"
1444,한화지구점,인천광역시,남동구,"인천광역시 남동구 앵고개로815번길 20 (논현동, 소래 비상가동 1층 102호"
1445,함안군북점(명변),경상남도,함안군,경상남도 함안군 군북면 중암10길 20 
1446,합천가야점,경상남도,합천군,경상남도 합천군 가야면 가야시장로 74 
1447,해운대중동점,부산광역시,해운대구,"부산광역시 해운대구 좌동순환로433번길 30-3 (중동,  103호"
1448,햇빛점,경기,고양시,경기 고양시 덕양구 행신동 948-1
1449,행당점,서울,성동구,서울 성동구 행당1동 292-50
1450,향남부영점,경기도,화성시,경기도 화성시 향남읍 하길로 70 (오색마을 사랑으로 상가동 103호
1451,현풍테크노폴리스점,대구광역시,달성군,대구광역시 달성군 유가면 현풍로47길 5 
1452,호계플라자,경기,안양시,경기 안양시 동안구 호계동 933-25
1453,호매실수변공원점,경기도,수원시,경기도 수원시 권선구 서수원로523번길 12-18 (금곡동 1층
1454,호텔리젠트마린점,제주특별자치도,제주시,"제주특별자치도 제주시 서부두2길 20 (건입동, 호텔리 "
1455,홍대역점,서울,마포구,서울 마포구 동교동 147-4 1층
1456,홍은2점,서울,서대문구,서울 서대문구 홍은2동 277-28
1457,홍제점,서울,서대문구,서울 서대문구 홍제동 현대원@3구역상가 118호
1458,화곡1점,서울,강서구,서울 강서구 화곡1동 358-10 
1459,화곡2점,서울,강서구,서울 강서구 화곡4동 772-63
1460,화곡5점,서울,강서구,서울 강서구 화곡6동 976-1
1461,화정별빛마을점,경기,고양시,경기 고양시 덕양구 화정2동 946
1462,화정점,경기,고양시,경기 고양시 덕양구 화정동 900-14
1463,화천간동점(펀앤정),강원,화천군,강원 화천군 간동면 오음리 634-6
1464,화천사내점,강원,화천군,강원 화천군 사내면 사창리 366-6 1/3
1465,화천점(CAFE),강원,화천군,강원 화천군 화천읍 하리 50-5  3/3
1466,횡성갑천점,강원도,횡성군,강원도 횡성군 갑천면 청정로 284-1 
1467,횡성둔내점,강원,횡성군,강원 횡성군 둔내면 자포곡리 414-10
1468,횡성우천점,강원도,횡성군,강원도 횡성군 우천면 수남로 349 
1469,횡성점,강원,횡성군,강원 횡성군 횡성읍 읍상리 292-5
1470,효자점,서울,종로구,서울 종로구 옥인동 92번지
1471,후곡행복점,경기도,고양시,"경기도 고양시 일산서구 킨텍스로 458 (일산동, 후곡 102호(일산동,후곡마을 상가동)"
1472,흑석점,서울,동작구,서울 동작구 흑석동 86-103호
1473,SK이천하이닉스점,경기도,이천시,경기도 이천시 부발읍 경충대로 2102 101
